ID, NAME,BILLING_STATE__C,STA3N__C,RecordTypeId
1, Thomas E. Creek Department of Veterans Affairs Medical Center,TX,504,012t0000000L4dCAAS
2, 'George H. O'Brien, Jr., Department of Veterans Affairs Medical Center',TX,519,012t0000000L4dCAAS
3, Dallas VA Medical Center,TX,549,012t0000000L4dCAAS
4, Michael E. DeBakey Department of Veterans Affairs Medical Center,TX,580,012t0000000L4dCAAS
5, Audie L. Murphy Memorial Veterans' Hospital,TX,671,012t0000000L4dCAAS
6, Olin E. Teague Veterans' Center,TX,674,012t0000000L4dCAAS
7, Harlingen VA Clinic,TX,740,012t0000000L4dCAAS
8, Fort Sam Houston National Cemetery,TX,846,012t0000000L4dCAAS
9, Houston National Cemetery,TX,851,012t0000000L4dCAAS
10, Kerrville National Cemetery,TX,854,012t0000000L4dCAAS
11, San Antonio National Cemetery,TX,877,012t0000000L4dCAAS
12, Fort Bliss National Cemetery,TX,886,012t0000000L4dCAAS
13, Dallas-Fort Worth National Cemetery,TX,916,012t0000000L4dCAAS
14, El Paso VA Clinic,TX,756,012t0000000L4dCAAS
15, Salt Lake City RO,UT,341,012t0000000L4dCAAS
16, George E. Wahlen Department of Veterans Affairs Medical Center,UT,660,012t0000000L4dCAAS
17, Roanoke RO,VA,314,012t0000000L4dCAAS
18, Hampton VA Medical Center,VA,590,012t0000000L4dCAAS
19, Hunter Holmes McGuire Hospital,VA,652,012t0000000L4dCAAS
20, Salem VA Medical Center,VA,658,012t0000000L4dCAAS
21, Alexandria VA National Cemetery,VA,826,012t0000000L4dCAAS
22, Balls Bluff National Cemetery,VA,827,012t0000000L4dCAAS
23, City Point National Cemetery,VA,836,012t0000000L4dCAAS
24, Cold Harbor National Cemetery,VA,837,012t0000000L4dCAAS
25, Culpeper National Cemetery,VA,839,012t0000000L4dCAAS
26, Danville VA National Cemetery,VA,841,012t0000000L4dCAAS
27, Fort Harrison National Cemetery,VA,845,012t0000000L4dCAAS
28, Glendale National Cemetery,VA,848,012t0000000L4dCAAS
29, Hampton National Cemetery,VA,849,012t0000000L4dCAAS
30, Hampton VA National Cemetery,VA,850,012t0000000L4dCAAS
31, Quantico National Cemetery,VA,872,012t0000000L4dCAAS
32, Richmond National Cemetery,VA,874,012t0000000L4dCAAS
33, Seven Pines National Cemetery,VA,878,012t0000000L4dCAAS
34, Staunton National Cemetery,VA,880,012t0000000L4dCAAS
35, Winchester National Cemetery,VA,882,012t0000000L4dCAAS
36, VISN 1 Medical Center VA Boston HCS,VISN 1 Boston MA 10N1,,012t0000000L4dCAAS
37, VISN 10 Medical Center Cincinnati,VISN 10 Cincinnatti OH 10N10,,012t0000000L4dCAAS
38, a4q350000004GBn,VISN 12 Chicago IL 10N12,,012t0000000L4dCAAS
39, VISN 15 Medical Center Kansas City,VISN 15 Kansas City MO 10N15,,012t0000000L4dCAAS
40, a4q350000004GBp,VISN 16 Jackson MS 10N16,,012t0000000L4dCAAS
41, a4q350000004GBq,VISN 17 Dallas TX 10N17,,012t0000000L4dCAAS
42, VISN 18 Medical Center Phoenix,VISN 18 Phoenix AZ 10N18,,012t0000000L4dCAAS
43, a4q350000004GBs,VISN 19 Denver CO 10N19,,012t0000000L4dCAAS
44, VISN 2 Medical Center Albany,VISN 2 Albany NY 10N2,,012t0000000L4dCAAS
45, VISN 20 Medical Center Portland,VISN 20 Portland OR 10N20,,012t0000000L4dCAAS
46, VISN 21 Medical Center  San Francisco,VISN 21 San Francisco CA 10N21,,012t0000000L4dCAAS
47, VISN 22 Medical Center Long Beach HCS,VISN 22 Long Beach CA 10N22,,012t0000000L4dCAAS
48, a4q350000004GBx,VISN 23 Minneapolis MN 10N23,,012t0000000L4dCAAS
49, VISN 3 Medical Center Bronx,VISN 3 Bronx NY 10N3,,012t0000000L4dCAAS
50, VISN 4 Medical Center Pittsburgh HCS-Univ D,VISN 4 Pittsburgh PA 10N4,,012t0000000L4dCAAS
51, VISN 5 Medical Center Baltimore,VISN 5 Baltimore MD 10N5,,012t0000000L4dCAAS
52, VISN 6 Medical Center Durham,VISN 6 Durham NC 10N6,,012t0000000L4dCAAS
53, VISN 7 Medical Center Atlanta,VISN 7 Atlanta GA 10N7,,012t0000000L4dCAAS
54, a4q350000004GC3,VISN 8 Bay Pines FL 10N8,,012t0000000L4dCAAS
55, a4q350000004GC4,VISN 9 Nashville TN 10N9,,012t0000000L4dCAAS
56, White River Jc RO,VT,405,012t0000000L4dCAAS
57, Seattle RO,WA,346,012t0000000L4dCAAS
58, Seattle VA Medical Center,WA,663,012t0000000L4dCAAS
59, Mann-Grandstaff Department of Veterans Affairs Medical Center,WA,668,012t0000000L4dCAAS
60, Jonathan M. Wainwright Memorial VA Medical Center,WA,687,012t0000000L4dCAAS
61, Tahoma National Cemetery,WA,919,012t0000000L4dCAAS
62, Milwaukee RO,WI,330,012t0000000L4dCAAS
63, William S. Middleton Memorial Veterans' Hospital,WI,607,012t0000000L4dCAAS
64, Tomah VA Medical Center,WI,676,012t0000000L4dCAAS
65, Clement J. Zablocki Veterans' Administration Medical Center,WI,695,012t0000000L4dCAAS
66, Wood National Cemetery,WI,823,012t0000000L4dCAAS
67, Huntington RO,WV,315,012t0000000L4dCAAS
68, Beckley VA Medical Center,WV,517,012t0000000L4dCAAS
69, Louis A. Johnson Veterans' Administration Medical Center,WV,540,012t0000000L4dCAAS
70, Huntington VA Medical Center,WV,581,012t0000000L4dCAAS
71, Martinsburg VA Medical Center,WV,613,012t0000000L4dCAAS
72, Grafton National Cemetery,WV,812,012t0000000L4dCAAS
73, West Virginia National Cemetery,WV,912,012t0000000L4dCAAS
74, Cheyenne VA Medical Center,WY,442,012t0000000L4dCAAS
75, Sheridan VA Medical Center,WY,666,012t0000000L4dCAAS
76, Chicago RO,IL,328,012t0000000L4dCAAS
77, Jesse Brown Department of Veterans Affairs Medical Center,IL,537,012t0000000L4dCAAS
78, Danville VA Medical Center,IL,550,012t0000000L4dCAAS
79, Captain James A. Lovell Federal Health Care Center,IL,556,012t0000000L4dCAAS
80, Edward Hines Junior Hospital,IL,578,012t0000000L4dCAAS
81, a4q350000004G7w,IL,609,012t0000000L4dCAAS
82, a4q350000004G7x,IL,793,012t0000000L4dCAAS
83, a4q350000004G7y,IL,796,012t0000000L4dCAAS
84, a4q350000004G7z,IL,797,012t0000000L4dCAAS
85, Alton National Cemetery,IL,800,012t0000000L4dCAAS
86, Camp Butler National Cemetery,IL,806,012t0000000L4dCAAS
87, Danville IL National Cemetery,IL,809,012t0000000L4dCAAS
88, Quincy National Cemetery,IL,820,012t0000000L4dCAAS
89, Rock Island National Cemetery,IL,821,012t0000000L4dCAAS
90, Mound City -IL National Cemetery,IL,863,012t0000000L4dCAAS
91, Abraham Lincoln National Cemetery,IL,915,012t0000000L4dCAAS
92, Indianapolis RO,IN,326,012t0000000L4dCAAS
93, Richard L. Roudebush Veterans' Administration Medical Center,IN,583,012t0000000L4dCAAS
94, Marion VA Medical Center,IN,610,012t0000000L4dCAAS
95, a4q350000004G8A,IN,774,012t0000000L4dCAAS
96, Crown Hill National Cemetery,IN,807,012t0000000L4dCAAS
97, Marion National Cemetery,IN,817,012t0000000L4dCAAS
98, New Albany National Cemetery,IN,867,012t0000000L4dCAAS
99, a4q350000004G8E,KS,102,012t0000000L4dCAAS
100, Wichita RO,KS,452,012t0000000L4dCAAS
101, a4q350000004G8G,KS,677,012t0000000L4dCAAS
102, a4q350000004G8H,KS,760,012t0000000L4dCAAS
103, Fort Leavenworth National Cemetery,KS,887,012t0000000L4dCAAS
104, Fort Scott National Cemetery,KS,893,012t0000000L4dCAAS
105, Leavenworth National Cemetery,KS,897,012t0000000L4dCAAS
106, Louisville RO,KY,327,012t0000000L4dCAAS
107, Lexington VA Medical Center-Leestown,KY,596,012t0000000L4dCAAS
108, Robley Rex Department of Veterans Affairs Medical Center,KY,603,012t0000000L4dCAAS
109, Camp Nelson National Cemetery,KY,833,012t0000000L4dCAAS
110, Cave Hill National Cemetery,KY,834,012t0000000L4dCAAS
111, Danville KY National Cemetery,KY,840,012t0000000L4dCAAS
112, Lebanon National Cemetery,KY,856,012t0000000L4dCAAS
113, Lexington National Cemetery,KY,857,012t0000000L4dCAAS
114, Mill Springs National Cemetery,KY,861,012t0000000L4dCAAS
115, Zachary Taylor National Cemetery,KY,883,012t0000000L4dCAAS
116, Overton Brooks Veterans' Administration Medical Center,LA,667,012t0000000L4dCAAS
117, New Orleans RO,LA,321,012t0000000L4dCAAS
118, Alexandria VA Medical Center,LA,502,012t0000000L4dCAAS
119, New Orleans VA Medical Center,LA,629,012t0000000L4dCAAS
120, Alexandria LA National Cemetery,LA,825,012t0000000L4dCAAS
121, Baton Rouge National Cemetery,LA,829,012t0000000L4dCAAS
122, Port Hudson National Cemetery,LA,870,012t0000000L4dCAAS
123, Boston RO,MA,301,012t0000000L4dCAAS
124, Edith Nourse Rogers Memorial Veterans' Hospital,MA,518,012t0000000L4dCAAS
125, Jamaica Plain VA Medical Center,MA,523,012t0000000L4dCAAS
126, Edward P. Boland Department of Veterans Affairs Medical Center,MA,631,012t0000000L4dCAAS
127, a4q350000004G8g,MA,761,012t0000000L4dCAAS
128, Massachusetts National Cemetery,MA,818,012t0000000L4dCAAS
129, Baltimore RO,MD,313,012t0000000L4dCAAS
130, a4q350000004G8j,MD,392,012t0000000L4dCAAS
131, Baltimore VA Medical Center,MD,512,012t0000000L4dCAAS
132, a4q350000004G8l,MD,792,012t0000000L4dCAAS
133, Annapolis National Cemetery,MD,801,012t0000000L4dCAAS
134, Baltimore National Cemetery,MD,802,012t0000000L4dCAAS
135, Loudon Park National Cemetery,MD,816,012t0000000L4dCAAS
136, Togus RO,ME,402,012t0000000L4dCAAS
137, Togus National Cemetery,ME,822,012t0000000L4dCAAS
138, Detroit RO,MI,329,012t0000000L4dCAAS
139, a4q350000004G8s,MI,394,012t0000000L4dCAAS
140, Ann Arbor VA Medical Center,MI,506,012t0000000L4dCAAS
141, Battle Creek VA Medical Center,MI,515,012t0000000L4dCAAS
142, Fort Custer National Cemetery,MI,909,012t0000000L4dCAAS
143, Great Lakes National Cemetery,MI,923,012t0000000L4dCAAS
144, St. Paul RO,MN,335,012t0000000L4dCAAS
145, a4q350000004G91,MN,389,012t0000000L4dCAAS
146, Minneapolis VA Medical Center,MN,618,012t0000000L4dCAAS
147, St. Cloud VA Medical Center,MN,656,012t0000000L4dCAAS
148, Fort Snelling National Cemetery,MN,894,012t0000000L4dCAAS
149, St. Louis RO,MO,331,012t0000000L4dCAAS
150, a4q350000004G96,MO,376,012t0000000L4dCAAS
151, a4q350000004G97,MO,543,012t0000000L4dCAAS
152, Kansas City VA Medical Center,MO,589,012t0000000L4dCAAS
153, a4q350000004G99,MO,647,012t0000000L4dCAAS
154, John Cochran Veterans Hospital,MO,657,012t0000000L4dCAAS
155, a4q350000004G9B,MO,785,012t0000000L4dCAAS
156, Jefferson Barracks National Cemetery,MO,852,012t0000000L4dCAAS
157, Jefferson City National Cemetery,MO,853,012t0000000L4dCAAS
158, Springfield National Cemetery,MO,879,012t0000000L4dCAAS
159, Jackson RO,MS,323,012t0000000L4dCAAS
160, a4q350000004G9G,MS,393,012t0000000L4dCAAS
161, Biloxi VA Medical Center,MS,520,012t0000000L4dCAAS
162, G.V. (Sonny) Montgomery Department of Veterans Affairs Medical Center,MS,586,012t0000000L4dCAAS
163, John D. Dingell Department of Veterans Affairs Medical Center,MI,553,012t0000000L4dCAAS
164, Oscar G. Johnson Department of Veterans Affairs Medical Facility,MI,585,012t0000000L4dCAAS
165, Aleda E. Lutz Department of Veterans Affairs Medical Center,MI,655,012t0000000L4dCAAS
166, Biloxi National Cemetery,MS,832,012t0000000L4dCAAS
167, Corinth National Cemetery,MS,838,012t0000000L4dCAAS
168, Natchez National Cemetery,MS,866,012t0000000L4dCAAS
169, Ft. Harrison RO,MT,436,012t0000000L4dCAAS
170, Winston-Salem RO,NC,318,012t0000000L4dCAAS
171, Durham VA Medical Center,NC,558,012t0000000L4dCAAS
172, Fayetteville VA Medical Center,NC,565,012t0000000L4dCAAS
173, Charles George Department of Veterans Affairs Medical Center,NC,637,012t0000000L4dCAAS
174, W.G. (Bill) Hefner Salisbury Department of Veterans Affairs Medical Center,NC,659,012t0000000L4dCAAS
175, New Bern National Cemetery,NC,868,012t0000000L4dCAAS
176, Raleigh National Cemetery,NC,873,012t0000000L4dCAAS
177, Salisbury National Cemetery,NC,876,012t0000000L4dCAAS
178, Wilmington National Cemetery,NC,881,012t0000000L4dCAAS
179, Fargo RO,ND,437,012t0000000L4dCAAS
180, Lincoln RO,NE,334,012t0000000L4dCAAS
181, a4q350000004G9Y,NE,597,012t0000000L4dCAAS
182, Omaha VA Medical Center,NE,636,012t0000000L4dCAAS
183, Fort McPherson National Cemetery,NE,890,012t0000000L4dCAAS
184, Manchester RO,NH,373,012t0000000L4dCAAS
185, Manchester VA Medical Center,NH,608,012t0000000L4dCAAS
186, Newark RO,NJ,309,012t0000000L4dCAAS
187, East Orange VA Medical Center,NJ,561,012t0000000L4dCAAS
188, a4q350000004G9f,NJ,794,012t0000000L4dCAAS
189, Beverly National Cemetery,NJ,804,012t0000000L4dCAAS
190, Finn's Point National Cemetery,NJ,811,012t0000000L4dCAAS
191, Albuquerque RO,NM,340,012t0000000L4dCAAS
192, Raymond G. Murphy Department of Veterans Affairs Medical Center,NM,501,012t0000000L4dCAAS
193, Fort Bayard National Cemetery,NM,885,012t0000000L4dCAAS
194, Santa Fe National Cemetery,NM,904,012t0000000L4dCAAS
195, Reno RO,NV,354,012t0000000L4dCAAS
196, Las Vegas VA Medical Center,NV,593,012t0000000L4dCAAS
197, Ioannis A. Lougaris Veterans' Administration Medical Center,NV,654,012t0000000L4dCAAS
198, New York RO,NY,306,012t0000000L4dCAAS
199, Buffalo RO,NY,307,012t0000000L4dCAAS
200, a4q350000004G9r,NY,500,012t0000000L4dCAAS
201, a4q350000004G9s,NY,514,012t0000000L4dCAAS
202, James J. Peters Department of Veterans Affairs Medical Center,NY,526,012t0000000L4dCAAS
203, a4q350000004G9u,NY,527,012t0000000L4dCAAS
204, Buffalo VA Medical Center,NY,528,012t0000000L4dCAAS
205, a4q350000004G9w,NY,532,012t0000000L4dCAAS
206, Franklin Delano Roosevelt Hospital,NY,620,012t0000000L4dCAAS
207, Northport VA Medical Center,NY,632,012t0000000L4dCAAS
208, a4q350000004G9z,NY,670,012t0000000L4dCAAS
209, Bath National Cemetery,NY,803,012t0000000L4dCAAS
210, Calverton National Cemetery,NY,805,012t0000000L4dCAAS
211, Cypress Hills National Cemetery,NY,808,012t0000000L4dCAAS
212, Long Island National Cemetery,NY,815,012t0000000L4dCAAS
213, Woodlawn National Cemetery,NY,824,012t0000000L4dCAAS
214, Gerald B.H. Solomon Saratoga National Cemetery,NY,917,012t0000000L4dCAAS
215, Cleveland RO,OH,325,012t0000000L4dCAAS
216, Chillicothe VA Medical Center,OH,538,012t0000000L4dCAAS
217, Cincinnati VA Medical Center,OH,539,012t0000000L4dCAAS
218, Louis Stokes Cleveland Department of Veterans Affairs Medical Center,OH,541,012t0000000L4dCAAS
219, Dayton VA Medical Center,OH,552,012t0000000L4dCAAS
220, Chalmers P. Wylie Veterans Outpatient Clinic,OH,757,012t0000000L4dCAAS
221, Dayton National Cemetery,OH,810,012t0000000L4dCAAS
222, Ohio Western Reserve National Cemetery,OH,918,012t0000000L4dCAAS
223, Muskogee RO,OK,351,012t0000000L4dCAAS
224, Jack C. Montgomery Department of Veterans Affairs Medical Center,OK,623,012t0000000L4dCAAS
225, Ralph H. Johnson Department of Veterans Affairs Medical Center,SC,534,012t0000000L4dCAAS
226, Wm. Jennings Bryan Dorn Department of Veterans Affairs Medical Center,SC,544,012t0000000L4dCAAS
227, Beaufort National Cemetery,SC,831,012t0000000L4dCAAS
228, Florence National Cemetery,SC,843,012t0000000L4dCAAS
229, Fort Jackson National Cemetery,SC,930,012t0000000L4dCAAS
230, Sioux Falls RO,SD,438,012t0000000L4dCAAS
231, Fort Meade VA Medical Center,SD,568,012t0000000L4dCAAS
232, Black Hills National Cemetery,SD,884,012t0000000L4dCAAS
233, Fort Meade National Cemetery,SD,891,012t0000000L4dCAAS
234, Hot Springs National Cemetery,SD,896,012t0000000L4dCAAS
235, Nashville RO,TN,320,012t0000000L4dCAAS
236, Memphis VA Medical Center,TN,614,012t0000000L4dCAAS
237, James H. Quillen Department of Veterans Affairs Medical Center,TN,621,012t0000000L4dCAAS
238, a4q350000004GB1,TN,622,012t0000000L4dCAAS
239, Chattanooga National Cemetery,TN,835,012t0000000L4dCAAS
240, Knoxville National Cemetery,TN,855,012t0000000L4dCAAS
241, Memphis National Cemetery,TN,860,012t0000000L4dCAAS
242, Mountain Home National Cemetery,TN,864,012t0000000L4dCAAS
243, Nashville National Cemetery,TN,865,012t0000000L4dCAAS
244, a4q350000004GB7,TX,104,012t0000000L4dCAAS
245, a4q350000004GB8,TX,200,012t0000000L4dCAAS
246, a4q350000004GB9,TX,281,012t0000000L4dCAAS
247, Waco RO,TX,349,012t0000000L4dCAAS
248, Houston RO,TX,362,012t0000000L4dCAAS
249, Anchorage VA Medical Center,AK,463,012t0000000L4dCAAS
250, Sitka National Cemetery,AK,905,012t0000000L4dCAAS
251, Fort Richardson National Cemetery,AK,910,012t0000000L4dCAAS
252, Montgomery RO,AL,322,012t0000000L4dCAAS
253, Birmingham VA Medical Center,AL,521,012t0000000L4dCAAS
254, Central Alabama VA Medical Center-Montgomery,AL,619,012t0000000L4dCAAS
255, Tuscaloosa VA Medical Center,AL,679,012t0000000L4dCAAS
256, Mobile National Cemetery,AL,862,012t0000000L4dCAAS
257, Fort Mitchell National Cemetery,AL,908,012t0000000L4dCAAS
258, Alabama National Cemetery,AL,927,012t0000000L4dCAAS
259, Little Rock RO,AR,350,012t0000000L4dCAAS
260, Fayetteville VA Medical Center,AR,564,012t0000000L4dCAAS
261, John L. McClellan Memorial Veterans' Hospital,AR,598,012t0000000L4dCAAS
262, Fayetteville National Cemetery,AR,842,012t0000000L4dCAAS
263, Fort Smith National Cemetery,AR,847,012t0000000L4dCAAS
264, Little Rock National Cemetery,AR,858,012t0000000L4dCAAS
265, Phoenix RO,AZ,345,012t0000000L4dCAAS
266, Carl T. Hayden Veterans' Administration Medical Center,AZ,644,012t0000000L4dCAAS
267, Bob Stump Department of Veterans Affairs Medical Center,AZ,649,012t0000000L4dCAAS
268, Tucson VA Medical Center,AZ,678,012t0000000L4dCAAS
269, Prescott National Cemetery,AZ,900,012t0000000L4dCAAS
270, NMCA National Cemetery,AZ,914,012t0000000L4dCAAS
271, Oakland RO,CA,343,012t0000000L4dCAAS
272, Oklahoma City VA Medical Center,OK,635,012t0000000L4dCAAS
273, Fort Gibson National Cemetery,OK,844,012t0000000L4dCAAS
274, Fort Sill National Cemetery,OK,920,012t0000000L4dCAAS
275, Portland RO,OR,348,012t0000000L4dCAAS
276, Portland VA Medical Center,OR,648,012t0000000L4dCAAS
277, Roseburg VA Medical Center,OR,653,012t0000000L4dCAAS
278, White City VA Medical Center,OR,692,012t0000000L4dCAAS
279, Roseburg National Cemetery,OR,902,012t0000000L4dCAAS
280, Eagle Point National Cemetery,OR,906,012t0000000L4dCAAS
281, Willamette National Cemetery,OR,907,012t0000000L4dCAAS
282, a4q350000004GAQ,PA,284,012t0000000L4dCAAS
283, a4q350000004GAR,PA,285,012t0000000L4dCAAS
284, Philadelphia RO,PA,310,012t0000000L4dCAAS
285, Pittsburgh RO,PA,311,012t0000000L4dCAAS
286, James E. Van Zandt Veterans' Administration Medical Center,PA,503,012t0000000L4dCAAS
287, Butler VA Medical Center,PA,529,012t0000000L4dCAAS
288, Coatesville VA Medical Center,PA,542,012t0000000L4dCAAS
289, Erie VA Medical Center,PA,562,012t0000000L4dCAAS
290, Lebanon VA Medical Center,PA,595,012t0000000L4dCAAS
291, Corporal Michael J. Crescenz Department of Veterans Affairs Medical Center,PA,642,012t0000000L4dCAAS
292, Pittsburgh VA Medical Center-University Drive,PA,646,012t0000000L4dCAAS
293, Wilkes-Barre VA Medical Center,PA,693,012t0000000L4dCAAS
294, a4q350000004GAc,PA,787,012t0000000L4dCAAS
295, Indiantown Gap National Cemetery,PA,813,012t0000000L4dCAAS
296, Philadelphia National Cemetery,PA,819,012t0000000L4dCAAS
297, Of the Alleghenies National Cemetery,PA,925,012t0000000L4dCAAS
298, Washington Crossing National Cemetery,PA,926,012t0000000L4dCAAS
299, Manila RO,PI,358,012t0000000L4dCAAS
300, San Juan RO,PR,355,012t0000000L4dCAAS
301, San Juan VA Medical Center,PR,672,012t0000000L4dCAAS
302, Puerto Rico National Cemetery,PR,871,012t0000000L4dCAAS
303, Providence RO,RI,304,012t0000000L4dCAAS
304, Providence VA Medical Center,RI,650,012t0000000L4dCAAS
305, Columbia RO,SC,319,012t0000000L4dCAAS
306, Los Angeles RO,CA,344,012t0000000L4dCAAS
307, San Diego RO,CA,377,012t0000000L4dCAAS
308, a4q350000004G6m,CA,395,012t0000000L4dCAAS
309, Fresno VA Medical Center,CA,570,012t0000000L4dCAAS
310, Long Beach VA Medical Center,CA,600,012t0000000L4dCAAS
311, Jerry L. Pettis Memorial Veterans' Hospital,CA,605,012t0000000L4dCAAS
312, Martinez VA Community Living Center,CA,612,012t0000000L4dCAAS
313, Palo Alto VA Medical Center,CA,640,012t0000000L4dCAAS
314, San Diego VA Medical Center,CA,664,012t0000000L4dCAAS
315, West Los Angeles VA Medical Center,CA,691,012t0000000L4dCAAS
316, a4q350000004G6u,CA,775,012t0000000L4dCAAS
317, a4q350000004G6v,CA,795,012t0000000L4dCAAS
318, a4q350000004G6w,CA,799,012t0000000L4dCAAS
319, Fort Rosecrans National Cemetery,CA,892,012t0000000L4dCAAS
320, Golden Gate National Cemetery,CA,895,012t0000000L4dCAAS
321, Los Angeles National Cemetery,CA,898,012t0000000L4dCAAS
322, Riverside National Cemetery,CA,901,012t0000000L4dCAAS
323, San Francisco National Cemetery,CA,903,012t0000000L4dCAAS
324, San Joaquin Valley National Cemetery,CA,913,012t0000000L4dCAAS
325, Sacramento Valley National Cemetery,CA,921,012t0000000L4dCAAS
326, Bakersfield National Cemetery,CA,929,012t0000000L4dCAAS
327, Denver RO,CO,339,012t0000000L4dCAAS
328, Denver VA Medical Center,CO,554,012t0000000L4dCAAS
329, Grand Junction VA Medical Center,CO,575,012t0000000L4dCAAS
330, a4q350000004G78,CO,741,012t0000000L4dCAAS
331, a4q350000004G79,CO,789,012t0000000L4dCAAS
332, a4q350000004G7A,CO,791,012t0000000L4dCAAS
333, Fort Logan National Cemetery,CO,888,012t0000000L4dCAAS
334, Fort Lyon National Cemetery,CO,889,012t0000000L4dCAAS
335, Hartford RO,CT,308,012t0000000L4dCAAS
336, West Haven VA Medical Center,CT,689,012t0000000L4dCAAS
337, a4q350000004G7F,DC,101,012t0000000L4dCAAS
338, a4q350000004G7G,DC,372,012t0000000L4dCAAS
339, Washington VA Medical Center,DC,688,012t0000000L4dCAAS
340, a4q350000004G7I,DC,999,012t0000000L4dCAAS
341, Wilmington RO,DE,460,012t0000000L4dCAAS
342, St. Petersburg RO,FL,317,012t0000000L4dCAAS
343, C.W. Bill Young Department of Veterans Affairs Medical Center,FL,516,012t0000000L4dCAAS
344, Bruce W. Carter Department of Veterans Affairs Medical Center,FL,546,012t0000000L4dCAAS
345, a4q350000004G7N,FL,547,012t0000000L4dCAAS
346, West Palm Beach VA Medical Center,FL,548,012t0000000L4dCAAS
347, Malcom Randall Department of Veterans Affairs Medical Center,FL,573,012t0000000L4dCAAS
348, James A. Haley Veterans' Hospital,FL,673,012t0000000L4dCAAS
349, Orlando VA Medical Center,FL,675,012t0000000L4dCAAS
350, Barrancas National Cemetery,FL,828,012t0000000L4dCAAS
351, Bay Pines National Cemetery,FL,830,012t0000000L4dCAAS
352, St. Augustine National Cemetery,FL,875,012t0000000L4dCAAS
353, Florida National Cemetery,FL,911,012t0000000L4dCAAS
354, South Florida National Cemetery,FL,924,012t0000000L4dCAAS
355, Jacksonville National Cemetery,FL,928,012t0000000L4dCAAS
356, Sarasota National Cemetery,FL,931,012t0000000L4dCAAS
357, Atlanta RO,GA,316,012t0000000L4dCAAS
358, Atlanta VA Medical Center,GA,508,012t0000000L4dCAAS
359, Charlie Norwood Department of Veterans Affairs Medical Center,GA,509,012t0000000L4dCAAS
360, Carl Vinson Veterans' Administration Medical Center,GA,557,012t0000000L4dCAAS
361, a4q350000004G7d,GA,742,012t0000000L4dCAAS
362, a4q350000004G7e,GA,788,012t0000000L4dCAAS
363, Marietta National Cemetery,GA,859,012t0000000L4dCAAS
364, Georgia National Cemetery,GA,922,012t0000000L4dCAAS
365, Spark M. Matsunaga Department of Veterans Affairs Medical Center,HI,459,012t0000000L4dCAAS
366, NMCP National Cemetery,HI,899,012t0000000L4dCAAS
367, Des Moines RO,IA,333,012t0000000L4dCAAS
368, a4q350000004G7k,IA,555,012t0000000L4dCAAS
369, a4q350000004G7l,IA,584,012t0000000L4dCAAS
370, Keokuk National Cemetery,IA,814,012t0000000L4dCAAS
371, Boise RO,ID,347,012t0000000L4dCAAS
372, Boise VA Medical Center,ID,531,012t0000000L4dCAAS
373, a4q350000004G7p,IL,282,012t0000000L4dCAAS
374, a4q350000004G7q,IL,283,012t0000000L4dCAAS