Id,Name,Billing_State__c,Sta3n__c,RecordTypeId,RecordType.$$DeveloperName$NamespacePrefix$SobjectType
a4qHv00000002xvIAA,Thomas E. Creek Department of Veterans Affairs Medical Center,TX,504,012t0000000L4dCAAS,WH_Hotline_Facilities;AD_Account__c
a4qHv00000002xwIAA,"George H. O'Brien, Jr., Department of Veterans Affairs Medical Center",TX,519,012t0000000L4dCAAS,WH_Hotline_Facilities;AD_Account__c
a4qHv00000002xxIAA,Dallas VA Medical Center,TX,549,012t0000000L4dCAAS,WH_Hotline_Facilities;AD_Account__c
a4qHv00000002xyIAA,Michael E. DeBakey Department of Veterans Affairs Medical Center,TX,580,012t0000000L4dCAAS,WH_Hotline_Facilities;AD_Account__c
a4qHv00000002xzIAA,Audie L. Murphy Memorial Veterans' Hospital,TX,671,012t0000000L4dCAAS,WH_Hotline_Facilities;AD_Account__c
a4qHv00000002y0IAA,Olin E. Teague Veterans' Center,TX,674,012t0000000L4dCAAS,WH_Hotline_Facilities;AD_Account__c
a4qHv00000002y1IAA,Harlingen VA Clinic,TX,740,012t0000000L4dCAAS,WH_Hotline_Facilities;AD_Account__c
a4qHv00000002y2IAA,Fort Sam Houston National Cemetery,TX,846,012t0000000L4dCAAS,WH_Hotline_Facilities;AD_Account__c
a4qHv00000002y3IAA,Houston National Cemetery,TX,851,012t0000000L4dCAAS,WH_Hotline_Facilities;AD_Account__c
a4qHv00000002y4IAA,Kerrville National Cemetery,TX,854,012t0000000L4dCAAS,WH_Hotline_Facilities;AD_Account__c
a4qHv00000002y5IAA,San Antonio National Cemetery,TX,877,012t0000000L4dCAAS,WH_Hotline_Facilities;AD_Account__c
a4qHv00000002y6IAA,Fort Bliss National Cemetery,TX,886,012t0000000L4dCAAS,WH_Hotline_Facilities;AD_Account__c
a4qHv00000002y7IAA,Dallas-Fort Worth National Cemetery,TX,916,012t0000000L4dCAAS,WH_Hotline_Facilities;AD_Account__c
a4qHv00000002y8IAA,El Paso VA Clinic,TX,756,012t0000000L4dCAAS,WH_Hotline_Facilities;AD_Account__c
a4qHv00000002y9IAA,Salt Lake City RO,UT,341,012t0000000L4dCAAS,WH_Hotline_Facilities;AD_Account__c
a4qHv00000002yAIAQ,George E. Wahlen Department of Veterans Affairs Medical Center,UT,660,012t0000000L4dCAAS,WH_Hotline_Facilities;AD_Account__c
a4qHv00000002yBIAQ,Roanoke RO,VA,314,012t0000000L4dCAAS,WH_Hotline_Facilities;AD_Account__c
a4qHv00000002yCIAQ,Hampton VA Medical Center,VA,590,012t0000000L4dCAAS,WH_Hotline_Facilities;AD_Account__c
a4qHv00000002yDIAQ,Hunter Holmes McGuire Hospital,VA,652,012t0000000L4dCAAS,WH_Hotline_Facilities;AD_Account__c
a4qHv00000002yEIAQ,Salem VA Medical Center,VA,658,012t0000000L4dCAAS,WH_Hotline_Facilities;AD_Account__c
a4qHv00000002yFIAQ,Alexandria VA National Cemetery,VA,826,012t0000000L4dCAAS,WH_Hotline_Facilities;AD_Account__c
a4qHv00000002yGIAQ,Balls Bluff National Cemetery,VA,827,012t0000000L4dCAAS,WH_Hotline_Facilities;AD_Account__c
a4qHv00000002yHIAQ,City Point National Cemetery,VA,836,012t0000000L4dCAAS,WH_Hotline_Facilities;AD_Account__c
a4qHv00000002yIIAQ,Cold Harbor National Cemetery,VA,837,012t0000000L4dCAAS,WH_Hotline_Facilities;AD_Account__c
a4qHv00000002yJIAQ,Culpeper National Cemetery,VA,839,012t0000000L4dCAAS,WH_Hotline_Facilities;AD_Account__c
a4qHv00000002yKIAQ,Danville VA National Cemetery,VA,841,012t0000000L4dCAAS,WH_Hotline_Facilities;AD_Account__c
a4qHv00000002yLIAQ,Fort Harrison National Cemetery,VA,845,012t0000000L4dCAAS,WH_Hotline_Facilities;AD_Account__c
a4qHv00000002yMIAQ,Glendale National Cemetery,VA,848,012t0000000L4dCAAS,WH_Hotline_Facilities;AD_Account__c
a4qHv00000002yNIAQ,Hampton National Cemetery,VA,849,012t0000000L4dCAAS,WH_Hotline_Facilities;AD_Account__c
a4qHv00000002yOIAQ,Hampton VA National Cemetery,VA,850,012t0000000L4dCAAS,WH_Hotline_Facilities;AD_Account__c
a4qHv000000032BIAQ,Phoenix RO,AZ,345,012t0000000L4dCAAS,WH_Hotline_Facilities;AD_Account__c
a4qHv000000032CIAQ,Carl T. Hayden Veterans' Administration Medical Center,AZ,644,012t0000000L4dCAAS,WH_Hotline_Facilities;AD_Account__c
a4qHv000000032DIAQ,Bob Stump Department of Veterans Affairs Medical Center,AZ,649,012t0000000L4dCAAS,WH_Hotline_Facilities;AD_Account__c
a4qHv000000032EIAQ,Tucson VA Medical Center,AZ,678,012t0000000L4dCAAS,WH_Hotline_Facilities;AD_Account__c
a4qHv000000032FIAQ,Prescott National Cemetery,AZ,900,012t0000000L4dCAAS,WH_Hotline_Facilities;AD_Account__c
a4qHv000000032GIAQ,NMCA National Cemetery,AZ,914,012t0000000L4dCAAS,WH_Hotline_Facilities;AD_Account__c
a4qHv000000032HIAQ,Oakland RO,CA,343,012t0000000L4dCAAS,WH_Hotline_Facilities;AD_Account__c
a4qHv000000032IIAQ,Oklahoma City VA Medical Center,OK,635,012t0000000L4dCAAS,WH_Hotline_Facilities;AD_Account__c
a4qHv000000032JIAQ,Fort Gibson National Cemetery,OK,844,012t0000000L4dCAAS,WH_Hotline_Facilities;AD_Account__c
a4qHv000000032KIAQ,Fort Sill National Cemetery,OK,920,012t0000000L4dCAAS,WH_Hotline_Facilities;AD_Account__c
a4qHv000000032LIAQ,Portland RO,OR,348,012t0000000L4dCAAS,WH_Hotline_Facilities;AD_Account__c
a4qHv000000032MIAQ,Portland VA Medical Center,OR,648,012t0000000L4dCAAS,WH_Hotline_Facilities;AD_Account__c
a4qHv000000032NIAQ,Roseburg VA Medical Center,OR,653,012t0000000L4dCAAS,WH_Hotline_Facilities;AD_Account__c
a4qHv000000032OIAQ,White City VA Medical Center,OR,692,012t0000000L4dCAAS,WH_Hotline_Facilities;AD_Account__c
a4qHv000000032PIAQ,Roseburg National Cemetery,OR,902,012t0000000L4dCAAS,WH_Hotline_Facilities;AD_Account__c
a4qHv000000032QIAQ,Eagle Point National Cemetery,OR,906,012t0000000L4dCAAS,WH_Hotline_Facilities;AD_Account__c
a4qHv000000032RIAQ,Willamette National Cemetery,OR,907,012t0000000L4dCAAS,WH_Hotline_Facilities;AD_Account__c
a4qHv000000032SIAQ,a4q350000004GAQ,PA,284,012t0000000L4dCAAS,WH_Hotline_Facilities;AD_Account__c
a4qHv000000032TIAQ,a4q350000004GAR,PA,285,012t0000000L4dCAAS,WH_Hotline_Facilities;AD_Account__c
a4qHv000000032UIAQ,Philadelphia RO,PA,310,012t0000000L4dCAAS,WH_Hotline_Facilities;AD_Account__c
a4qHv000000032VIAQ,Pittsburgh RO,PA,311,012t0000000L4dCAAS,WH_Hotline_Facilities;AD_Account__c
a4qHv000000032WIAQ,James E. Van Zandt Veterans' Administration Medical Center,PA,503,012t0000000L4dCAAS,WH_Hotline_Facilities;AD_Account__c
a4qHv000000032XIAQ,Butler VA Medical Center,PA,529,012t0000000L4dCAAS,WH_Hotline_Facilities;AD_Account__c
a4qHv000000032YIAQ,Coatesville VA Medical Center,PA,542,012t0000000L4dCAAS,WH_Hotline_Facilities;AD_Account__c
a4qHv000000032ZIAQ,Erie VA Medical Center,PA,562,012t0000000L4dCAAS,WH_Hotline_Facilities;AD_Account__c
a4qHv000000032aIAA,Lebanon VA Medical Center,PA,595,012t0000000L4dCAAS,WH_Hotline_Facilities;AD_Account__c
a4qHv000000032bIAA,Corporal Michael J. Crescenz Department of Veterans Affairs Medical Center,PA,642,012t0000000L4dCAAS,WH_Hotline_Facilities;AD_Account__c
a4qHv000000032cIAA,Pittsburgh VA Medical Center-University Drive,PA,646,012t0000000L4dCAAS,WH_Hotline_Facilities;AD_Account__c
a4qHv000000032dIAA,Wilkes-Barre VA Medical Center,PA,693,012t0000000L4dCAAS,WH_Hotline_Facilities;AD_Account__c
a4qHv000000032eIAA,a4q350000004GAc,PA,787,012t0000000L4dCAAS,WH_Hotline_Facilities;AD_Account__c
a4qHv00000002yPIAQ,Quantico National Cemetery,VA,872,012t0000000L4dCAAS,WH_Hotline_Facilities;AD_Account__c
a4qHv00000002yQIAQ,Richmond National Cemetery,VA,874,012t0000000L4dCAAS,WH_Hotline_Facilities;AD_Account__c
a4qHv00000002yRIAQ,Seven Pines National Cemetery,VA,878,012t0000000L4dCAAS,WH_Hotline_Facilities;AD_Account__c
a4qHv00000002ySIAQ,Staunton National Cemetery,VA,880,012t0000000L4dCAAS,WH_Hotline_Facilities;AD_Account__c
a4qHv00000002yTIAQ,Winchester National Cemetery,VA,882,012t0000000L4dCAAS,WH_Hotline_Facilities;AD_Account__c
a4qHv00000002yUIAQ,VISN 1 Medical Center VA Boston HCS,VISN 1 Boston MA 10N1,,012t0000000L4dCAAS,WH_Hotline_Facilities;AD_Account__c
a4qHv00000002yVIAQ,VISN 10 Medical Center Cincinnati,VISN 10 Cincinnatti OH 10N10,,012t0000000L4dCAAS,WH_Hotline_Facilities;AD_Account__c
a4qHv00000002yWIAQ,a4q350000004GBn,VISN 12 Chicago IL 10N12,,012t0000000L4dCAAS,WH_Hotline_Facilities;AD_Account__c
a4qHv00000002yXIAQ,VISN 15 Medical Center Kansas City,VISN 15 Kansas City MO 10N15,,012t0000000L4dCAAS,WH_Hotline_Facilities;AD_Account__c
a4qHv00000002yYIAQ,a4q350000004GBp,VISN 16 Jackson MS 10N16,,012t0000000L4dCAAS,WH_Hotline_Facilities;AD_Account__c
a4qHv00000002yZIAQ,a4q350000004GBq,VISN 17 Dallas TX 10N17,,012t0000000L4dCAAS,WH_Hotline_Facilities;AD_Account__c
a4qHv00000002yaIAA,VISN 18 Medical Center Phoenix,VISN 18 Phoenix AZ 10N18,,012t0000000L4dCAAS,WH_Hotline_Facilities;AD_Account__c
a4qHv00000002ybIAA,a4q350000004GBs,VISN 19 Denver CO 10N19,,012t0000000L4dCAAS,WH_Hotline_Facilities;AD_Account__c
a4qHv00000002ycIAA,VISN 2 Medical Center Albany,VISN 2 Albany NY 10N2,,012t0000000L4dCAAS,WH_Hotline_Facilities;AD_Account__c
a4qHv00000002ydIAA,VISN 20 Medical Center Portland,VISN 20 Portland OR 10N20,,012t0000000L4dCAAS,WH_Hotline_Facilities;AD_Account__c
a4qHv00000002yeIAA,VISN 21 Medical Center  San Francisco,VISN 21 San Francisco CA 10N21,,012t0000000L4dCAAS,WH_Hotline_Facilities;AD_Account__c
a4qHv00000002yfIAA,VISN 22 Medical Center Long Beach HCS,VISN 22 Long Beach CA 10N22,,012t0000000L4dCAAS,WH_Hotline_Facilities;AD_Account__c
a4qHv00000002ygIAA,a4q350000004GBx,VISN 23 Minneapolis MN 10N23,,012t0000000L4dCAAS,WH_Hotline_Facilities;AD_Account__c
a4qHv00000002yhIAA,VISN 3 Medical Center Bronx,VISN 3 Bronx NY 10N3,,012t0000000L4dCAAS,WH_Hotline_Facilities;AD_Account__c
a4qHv00000002yiIAA,VISN 4 Medical Center Pittsburgh HCS-Univ D,VISN 4 Pittsburgh PA 10N4,,012t0000000L4dCAAS,WH_Hotline_Facilities;AD_Account__c
a4qHv00000002yjIAA,VISN 5 Medical Center Baltimore,VISN 5 Baltimore MD 10N5,,012t0000000L4dCAAS,WH_Hotline_Facilities;AD_Account__c
a4qHv00000002ykIAA,VISN 6 Medical Center Durham,VISN 6 Durham NC 10N6,,012t0000000L4dCAAS,WH_Hotline_Facilities;AD_Account__c
a4qHv00000002ylIAA,VISN 7 Medical Center Atlanta,VISN 7 Atlanta GA 10N7,,012t0000000L4dCAAS,WH_Hotline_Facilities;AD_Account__c
a4qHv00000002ymIAA,a4q350000004GC3,VISN 8 Bay Pines FL 10N8,,012t0000000L4dCAAS,WH_Hotline_Facilities;AD_Account__c
a4qHv00000002ynIAA,a4q350000004GC4,VISN 9 Nashville TN 10N9,,012t0000000L4dCAAS,WH_Hotline_Facilities;AD_Account__c
a4qHv00000002yoIAA,White River Jc RO,VT,405,012t0000000L4dCAAS,WH_Hotline_Facilities;AD_Account__c
a4qHv00000002ypIAA,Seattle RO,WA,346,012t0000000L4dCAAS,WH_Hotline_Facilities;AD_Account__c
a4qHv00000002yqIAA,Seattle VA Medical Center,WA,663,012t0000000L4dCAAS,WH_Hotline_Facilities;AD_Account__c
a4qHv00000002yrIAA,Mann-Grandstaff Department of Veterans Affairs Medical Center,WA,668,012t0000000L4dCAAS,WH_Hotline_Facilities;AD_Account__c
a4qHv000000032fIAA,Indiantown Gap National Cemetery,PA,813,012t0000000L4dCAAS,WH_Hotline_Facilities;AD_Account__c
a4qHv000000032gIAA,Philadelphia National Cemetery,PA,819,012t0000000L4dCAAS,WH_Hotline_Facilities;AD_Account__c
a4qHv000000032hIAA,Of the Alleghenies National Cemetery,PA,925,012t0000000L4dCAAS,WH_Hotline_Facilities;AD_Account__c
a4qHv000000032iIAA,Washington Crossing National Cemetery,PA,926,012t0000000L4dCAAS,WH_Hotline_Facilities;AD_Account__c
a4qHv000000032jIAA,Manila RO,PI,358,012t0000000L4dCAAS,WH_Hotline_Facilities;AD_Account__c
a4qHv000000032kIAA,San Juan RO,PR,355,012t0000000L4dCAAS,WH_Hotline_Facilities;AD_Account__c
a4qHv000000032lIAA,San Juan VA Medical Center,PR,672,012t0000000L4dCAAS,WH_Hotline_Facilities;AD_Account__c
a4qHv000000032mIAA,Puerto Rico National Cemetery,PR,871,012t0000000L4dCAAS,WH_Hotline_Facilities;AD_Account__c
a4qHv000000032nIAA,Providence RO,RI,304,012t0000000L4dCAAS,WH_Hotline_Facilities;AD_Account__c
a4qHv000000032oIAA,Providence VA Medical Center,RI,650,012t0000000L4dCAAS,WH_Hotline_Facilities;AD_Account__c
a4qHv000000032pIAA,Columbia RO,SC,319,012t0000000L4dCAAS,WH_Hotline_Facilities;AD_Account__c
a4qHv000000032qIAA,Los Angeles RO,CA,344,012t0000000L4dCAAS,WH_Hotline_Facilities;AD_Account__c
a4qHv000000032rIAA,San Diego RO,CA,377,012t0000000L4dCAAS,WH_Hotline_Facilities;AD_Account__c
a4qHv000000032sIAA,a4q350000004G6m,CA,395,012t0000000L4dCAAS,WH_Hotline_Facilities;AD_Account__c
a4qHv000000032tIAA,Fresno VA Medical Center,CA,570,012t0000000L4dCAAS,WH_Hotline_Facilities;AD_Account__c
a4qHv000000032uIAA,Long Beach VA Medical Center,CA,600,012t0000000L4dCAAS,WH_Hotline_Facilities;AD_Account__c
a4qHv000000032vIAA,Jerry L. Pettis Memorial Veterans' Hospital,CA,605,012t0000000L4dCAAS,WH_Hotline_Facilities;AD_Account__c
a4qHv000000032wIAA,Martinez VA Community Living Center,CA,612,012t0000000L4dCAAS,WH_Hotline_Facilities;AD_Account__c
a4qHv000000032xIAA,Palo Alto VA Medical Center,CA,640,012t0000000L4dCAAS,WH_Hotline_Facilities;AD_Account__c
a4qHv000000032yIAA,San Diego VA Medical Center,CA,664,012t0000000L4dCAAS,WH_Hotline_Facilities;AD_Account__c
a4qHv000000032zIAA,West Los Angeles VA Medical Center,CA,691,012t0000000L4dCAAS,WH_Hotline_Facilities;AD_Account__c
a4qHv0000000330IAA,a4q350000004G6u,CA,775,012t0000000L4dCAAS,WH_Hotline_Facilities;AD_Account__c
a4qHv0000000331IAA,a4q350000004G6v,CA,795,012t0000000L4dCAAS,WH_Hotline_Facilities;AD_Account__c
a4qHv0000000332IAA,a4q350000004G6w,CA,799,012t0000000L4dCAAS,WH_Hotline_Facilities;AD_Account__c
a4qHv0000000333IAA,Fort Rosecrans National Cemetery,CA,892,012t0000000L4dCAAS,WH_Hotline_Facilities;AD_Account__c
a4qHv0000000334IAA,Golden Gate National Cemetery,CA,895,012t0000000L4dCAAS,WH_Hotline_Facilities;AD_Account__c
a4qHv0000000335IAA,Los Angeles National Cemetery,CA,898,012t0000000L4dCAAS,WH_Hotline_Facilities;AD_Account__c
a4qHv0000000336IAA,Riverside National Cemetery,CA,901,012t0000000L4dCAAS,WH_Hotline_Facilities;AD_Account__c
a4qHv0000000337IAA,San Francisco National Cemetery,CA,903,012t0000000L4dCAAS,WH_Hotline_Facilities;AD_Account__c
a4qHv0000000338IAA,San Joaquin Valley National Cemetery,CA,913,012t0000000L4dCAAS,WH_Hotline_Facilities;AD_Account__c
a4qHv0000000339IAA,Sacramento Valley National Cemetery,CA,921,012t0000000L4dCAAS,WH_Hotline_Facilities;AD_Account__c
a4qHv00000002ysIAA,Jonathan M. Wainwright Memorial VA Medical Center,WA,687,012t0000000L4dCAAS,WH_Hotline_Facilities;AD_Account__c
a4qHv00000002ytIAA,Tahoma National Cemetery,WA,919,012t0000000L4dCAAS,WH_Hotline_Facilities;AD_Account__c
a4qHv00000002yuIAA,Milwaukee RO,WI,330,012t0000000L4dCAAS,WH_Hotline_Facilities;AD_Account__c
a4qHv00000002yvIAA,William S. Middleton Memorial Veterans' Hospital,WI,607,012t0000000L4dCAAS,WH_Hotline_Facilities;AD_Account__c
a4qHv00000002ywIAA,Tomah VA Medical Center,WI,676,012t0000000L4dCAAS,WH_Hotline_Facilities;AD_Account__c
a4qHv00000002yxIAA,Clement J. Zablocki Veterans' Administration Medical Center,WI,695,012t0000000L4dCAAS,WH_Hotline_Facilities;AD_Account__c
a4qHv00000002yyIAA,Wood National Cemetery,WI,823,012t0000000L4dCAAS,WH_Hotline_Facilities;AD_Account__c
a4qHv00000002yzIAA,Huntington RO,WV,315,012t0000000L4dCAAS,WH_Hotline_Facilities;AD_Account__c
a4qHv00000002z0IAA,Beckley VA Medical Center,WV,517,012t0000000L4dCAAS,WH_Hotline_Facilities;AD_Account__c
a4qHv00000002z1IAA,Louis A. Johnson Veterans' Administration Medical Center,WV,540,012t0000000L4dCAAS,WH_Hotline_Facilities;AD_Account__c
a4qHv00000002z2IAA,Huntington VA Medical Center,WV,581,012t0000000L4dCAAS,WH_Hotline_Facilities;AD_Account__c
a4qHv00000002z3IAA,Martinsburg VA Medical Center,WV,613,012t0000000L4dCAAS,WH_Hotline_Facilities;AD_Account__c
a4qHv00000002z4IAA,Grafton National Cemetery,WV,812,012t0000000L4dCAAS,WH_Hotline_Facilities;AD_Account__c
a4qHv00000002z5IAA,West Virginia National Cemetery,WV,912,012t0000000L4dCAAS,WH_Hotline_Facilities;AD_Account__c
a4qHv00000002z6IAA,Cheyenne VA Medical Center,WY,442,012t0000000L4dCAAS,WH_Hotline_Facilities;AD_Account__c
a4qHv00000002z7IAA,Sheridan VA Medical Center,WY,666,012t0000000L4dCAAS,WH_Hotline_Facilities;AD_Account__c
a4qHv00000002z8IAA,Chicago RO,IL,328,012t0000000L4dCAAS,WH_Hotline_Facilities;AD_Account__c
a4qHv00000002z9IAA,Jesse Brown Department of Veterans Affairs Medical Center,IL,537,012t0000000L4dCAAS,WH_Hotline_Facilities;AD_Account__c
a4qHv00000002zAIAQ,Danville VA Medical Center,IL,550,012t0000000L4dCAAS,WH_Hotline_Facilities;AD_Account__c
a4qHv00000002zBIAQ,Captain James A. Lovell Federal Health Care Center,IL,556,012t0000000L4dCAAS,WH_Hotline_Facilities;AD_Account__c
a4qHv00000002zCIAQ,Edward Hines Junior Hospital,IL,578,012t0000000L4dCAAS,WH_Hotline_Facilities;AD_Account__c
a4qHv00000002zDIAQ,a4q350000004G7w,IL,609,012t0000000L4dCAAS,WH_Hotline_Facilities;AD_Account__c
a4qHv00000002zEIAQ,a4q350000004G7x,IL,793,012t0000000L4dCAAS,WH_Hotline_Facilities;AD_Account__c
a4qHv00000002zFIAQ,a4q350000004G7y,IL,796,012t0000000L4dCAAS,WH_Hotline_Facilities;AD_Account__c
a4qHv00000002zGIAQ,a4q350000004G7z,IL,797,012t0000000L4dCAAS,WH_Hotline_Facilities;AD_Account__c
a4qHv00000002zHIAQ,Alton National Cemetery,IL,800,012t0000000L4dCAAS,WH_Hotline_Facilities;AD_Account__c
a4qHv00000002zIIAQ,Camp Butler National Cemetery,IL,806,012t0000000L4dCAAS,WH_Hotline_Facilities;AD_Account__c
a4qHv00000002zJIAQ,Danville IL National Cemetery,IL,809,012t0000000L4dCAAS,WH_Hotline_Facilities;AD_Account__c
a4qHv00000002zKIAQ,Quincy National Cemetery,IL,820,012t0000000L4dCAAS,WH_Hotline_Facilities;AD_Account__c
a4qHv00000002zLIAQ,Rock Island National Cemetery,IL,821,012t0000000L4dCAAS,WH_Hotline_Facilities;AD_Account__c
a4qHv000000033AIAQ,Bakersfield National Cemetery,CA,929,012t0000000L4dCAAS,WH_Hotline_Facilities;AD_Account__c
a4qHv000000033BIAQ,Denver RO,CO,339,012t0000000L4dCAAS,WH_Hotline_Facilities;AD_Account__c
a4qHv000000033CIAQ,Denver VA Medical Center,CO,554,012t0000000L4dCAAS,WH_Hotline_Facilities;AD_Account__c
a4qHv000000033DIAQ,Grand Junction VA Medical Center,CO,575,012t0000000L4dCAAS,WH_Hotline_Facilities;AD_Account__c
a4qHv000000033EIAQ,a4q350000004G78,CO,741,012t0000000L4dCAAS,WH_Hotline_Facilities;AD_Account__c
a4qHv000000033FIAQ,a4q350000004G79,CO,789,012t0000000L4dCAAS,WH_Hotline_Facilities;AD_Account__c
a4qHv000000033GIAQ,a4q350000004G7A,CO,791,012t0000000L4dCAAS,WH_Hotline_Facilities;AD_Account__c
a4qHv000000033HIAQ,Fort Logan National Cemetery,CO,888,012t0000000L4dCAAS,WH_Hotline_Facilities;AD_Account__c
a4qHv000000033IIAQ,Fort Lyon National Cemetery,CO,889,012t0000000L4dCAAS,WH_Hotline_Facilities;AD_Account__c
a4qHv000000033JIAQ,Hartford RO,CT,308,012t0000000L4dCAAS,WH_Hotline_Facilities;AD_Account__c
a4qHv000000033KIAQ,West Haven VA Medical Center,CT,689,012t0000000L4dCAAS,WH_Hotline_Facilities;AD_Account__c
a4qHv000000033LIAQ,a4q350000004G7F,DC,101,012t0000000L4dCAAS,WH_Hotline_Facilities;AD_Account__c
a4qHv000000033MIAQ,a4q350000004G7G,DC,372,012t0000000L4dCAAS,WH_Hotline_Facilities;AD_Account__c
a4qHv000000033NIAQ,Washington VA Medical Center,DC,688,012t0000000L4dCAAS,WH_Hotline_Facilities;AD_Account__c
a4qHv000000033OIAQ,a4q350000004G7I,DC,999,012t0000000L4dCAAS,WH_Hotline_Facilities;AD_Account__c
a4qHv000000033PIAQ,Wilmington RO,DE,460,012t0000000L4dCAAS,WH_Hotline_Facilities;AD_Account__c
a4qHv000000033QIAQ,St. Petersburg RO,FL,317,012t0000000L4dCAAS,WH_Hotline_Facilities;AD_Account__c
a4qHv000000033RIAQ,C.W. Bill Young Department of Veterans Affairs Medical Center,FL,516,012t0000000L4dCAAS,WH_Hotline_Facilities;AD_Account__c
a4qHv000000033SIAQ,Bruce W. Carter Department of Veterans Affairs Medical Center,FL,546,012t0000000L4dCAAS,WH_Hotline_Facilities;AD_Account__c
a4qHv000000033TIAQ,a4q350000004G7N,FL,547,012t0000000L4dCAAS,WH_Hotline_Facilities;AD_Account__c
a4qHv000000033UIAQ,West Palm Beach VA Medical Center,FL,548,012t0000000L4dCAAS,WH_Hotline_Facilities;AD_Account__c
a4qHv000000033VIAQ,Malcom Randall Department of Veterans Affairs Medical Center,FL,573,012t0000000L4dCAAS,WH_Hotline_Facilities;AD_Account__c
a4qHv000000033WIAQ,James A. Haley Veterans' Hospital,FL,673,012t0000000L4dCAAS,WH_Hotline_Facilities;AD_Account__c
a4qHv000000033XIAQ,Orlando VA Medical Center,FL,675,012t0000000L4dCAAS,WH_Hotline_Facilities;AD_Account__c
a4qHv000000033YIAQ,Barrancas National Cemetery,FL,828,012t0000000L4dCAAS,WH_Hotline_Facilities;AD_Account__c
a4qHv000000033ZIAQ,Bay Pines National Cemetery,FL,830,012t0000000L4dCAAS,WH_Hotline_Facilities;AD_Account__c
a4qHv000000033aIAA,St. Augustine National Cemetery,FL,875,012t0000000L4dCAAS,WH_Hotline_Facilities;AD_Account__c
a4qHv000000033bIAA,Florida National Cemetery,FL,911,012t0000000L4dCAAS,WH_Hotline_Facilities;AD_Account__c
a4qHv000000033cIAA,South Florida National Cemetery,FL,924,012t0000000L4dCAAS,WH_Hotline_Facilities;AD_Account__c
a4qHv000000033dIAA,Jacksonville National Cemetery,FL,928,012t0000000L4dCAAS,WH_Hotline_Facilities;AD_Account__c
a4qHv000000033eIAA,Sarasota National Cemetery,FL,931,012t0000000L4dCAAS,WH_Hotline_Facilities;AD_Account__c
a4qHv00000002zMIAQ,Mound City -IL National Cemetery,IL,863,012t0000000L4dCAAS,WH_Hotline_Facilities;AD_Account__c
a4qHv00000002zNIAQ,Abraham Lincoln National Cemetery,IL,915,012t0000000L4dCAAS,WH_Hotline_Facilities;AD_Account__c
a4qHv00000002zOIAQ,Indianapolis RO,IN,326,012t0000000L4dCAAS,WH_Hotline_Facilities;AD_Account__c
a4qHv00000002zPIAQ,Richard L. Roudebush Veterans' Administration Medical Center,IN,583,012t0000000L4dCAAS,WH_Hotline_Facilities;AD_Account__c
a4qHv00000002zQIAQ,Marion VA Medical Center,IN,610,012t0000000L4dCAAS,WH_Hotline_Facilities;AD_Account__c
a4qHv00000002zRIAQ,a4q350000004G8A,IN,774,012t0000000L4dCAAS,WH_Hotline_Facilities;AD_Account__c
a4qHv00000002zSIAQ,Crown Hill National Cemetery,IN,807,012t0000000L4dCAAS,WH_Hotline_Facilities;AD_Account__c
a4qHv00000002zTIAQ,Marion National Cemetery,IN,817,012t0000000L4dCAAS,WH_Hotline_Facilities;AD_Account__c
a4qHv00000002zUIAQ,New Albany National Cemetery,IN,867,012t0000000L4dCAAS,WH_Hotline_Facilities;AD_Account__c
a4qHv00000002zVIAQ,a4q350000004G8E,KS,102,012t0000000L4dCAAS,WH_Hotline_Facilities;AD_Account__c
a4qHv00000002zWIAQ,Wichita RO,KS,452,012t0000000L4dCAAS,WH_Hotline_Facilities;AD_Account__c
a4qHv00000002zXIAQ,a4q350000004G8G,KS,677,012t0000000L4dCAAS,WH_Hotline_Facilities;AD_Account__c
a4qHv00000002zYIAQ,a4q350000004G8H,KS,760,012t0000000L4dCAAS,WH_Hotline_Facilities;AD_Account__c
a4qHv00000002zZIAQ,Fort Leavenworth National Cemetery,KS,887,012t0000000L4dCAAS,WH_Hotline_Facilities;AD_Account__c
a4qHv00000002zaIAA,Fort Scott National Cemetery,KS,893,012t0000000L4dCAAS,WH_Hotline_Facilities;AD_Account__c
a4qHv00000002zbIAA,Leavenworth National Cemetery,KS,897,012t0000000L4dCAAS,WH_Hotline_Facilities;AD_Account__c
a4qHv00000002zcIAA,Louisville RO,KY,327,012t0000000L4dCAAS,WH_Hotline_Facilities;AD_Account__c
a4qHv00000002zdIAA,Lexington VA Medical Center-Leestown,KY,596,012t0000000L4dCAAS,WH_Hotline_Facilities;AD_Account__c
a4qHv00000002zeIAA,Robley Rex Department of Veterans Affairs Medical Center,KY,603,012t0000000L4dCAAS,WH_Hotline_Facilities;AD_Account__c
a4qHv00000002zfIAA,Camp Nelson National Cemetery,KY,833,012t0000000L4dCAAS,WH_Hotline_Facilities;AD_Account__c
a4qHv00000002zgIAA,Cave Hill National Cemetery,KY,834,012t0000000L4dCAAS,WH_Hotline_Facilities;AD_Account__c
a4qHv00000002zhIAA,Danville KY National Cemetery,KY,840,012t0000000L4dCAAS,WH_Hotline_Facilities;AD_Account__c
a4qHv00000002ziIAA,Lebanon National Cemetery,KY,856,012t0000000L4dCAAS,WH_Hotline_Facilities;AD_Account__c
a4qHv00000002zjIAA,Lexington National Cemetery,KY,857,012t0000000L4dCAAS,WH_Hotline_Facilities;AD_Account__c
a4qHv00000002zkIAA,Mill Springs National Cemetery,KY,861,012t0000000L4dCAAS,WH_Hotline_Facilities;AD_Account__c
a4qHv00000002zlIAA,Zachary Taylor National Cemetery,KY,883,012t0000000L4dCAAS,WH_Hotline_Facilities;AD_Account__c
a4qHv00000002zmIAA,Overton Brooks Veterans' Administration Medical Center,LA,667,012t0000000L4dCAAS,WH_Hotline_Facilities;AD_Account__c
a4qHv00000002znIAA,New Orleans RO,LA,321,012t0000000L4dCAAS,WH_Hotline_Facilities;AD_Account__c
a4qHv00000002zoIAA,Alexandria VA Medical Center,LA,502,012t0000000L4dCAAS,WH_Hotline_Facilities;AD_Account__c
a4qHv00000002zpIAA,New Orleans VA Medical Center,LA,629,012t0000000L4dCAAS,WH_Hotline_Facilities;AD_Account__c
a4qHv000000033fIAA,Atlanta RO,GA,316,012t0000000L4dCAAS,WH_Hotline_Facilities;AD_Account__c
a4qHv000000033gIAA,Atlanta VA Medical Center,GA,508,012t0000000L4dCAAS,WH_Hotline_Facilities;AD_Account__c
a4qHv000000033hIAA,Charlie Norwood Department of Veterans Affairs Medical Center,GA,509,012t0000000L4dCAAS,WH_Hotline_Facilities;AD_Account__c
a4qHv000000033iIAA,Carl Vinson Veterans' Administration Medical Center,GA,557,012t0000000L4dCAAS,WH_Hotline_Facilities;AD_Account__c
a4qHv000000033jIAA,a4q350000004G7d,GA,742,012t0000000L4dCAAS,WH_Hotline_Facilities;AD_Account__c
a4qHv000000033kIAA,a4q350000004G7e,GA,788,012t0000000L4dCAAS,WH_Hotline_Facilities;AD_Account__c
a4qHv000000033lIAA,Marietta National Cemetery,GA,859,012t0000000L4dCAAS,WH_Hotline_Facilities;AD_Account__c
a4qHv000000033mIAA,Georgia National Cemetery,GA,922,012t0000000L4dCAAS,WH_Hotline_Facilities;AD_Account__c
a4qHv000000033nIAA,Spark M. Matsunaga Department of Veterans Affairs Medical Center,HI,459,012t0000000L4dCAAS,WH_Hotline_Facilities;AD_Account__c
a4qHv000000033oIAA,NMCP National Cemetery,HI,899,012t0000000L4dCAAS,WH_Hotline_Facilities;AD_Account__c
a4qHv000000033pIAA,Des Moines RO,IA,333,012t0000000L4dCAAS,WH_Hotline_Facilities;AD_Account__c
a4qHv000000033qIAA,a4q350000004G7k,IA,555,012t0000000L4dCAAS,WH_Hotline_Facilities;AD_Account__c
a4qHv000000033rIAA,a4q350000004G7l,IA,584,012t0000000L4dCAAS,WH_Hotline_Facilities;AD_Account__c
a4qHv000000033sIAA,Keokuk National Cemetery,IA,814,012t0000000L4dCAAS,WH_Hotline_Facilities;AD_Account__c
a4qHv000000033tIAA,Boise RO,ID,347,012t0000000L4dCAAS,WH_Hotline_Facilities;AD_Account__c
a4qHv000000033uIAA,Boise VA Medical Center,ID,531,012t0000000L4dCAAS,WH_Hotline_Facilities;AD_Account__c
a4qHv000000033vIAA,a4q350000004G7p,IL,282,012t0000000L4dCAAS,WH_Hotline_Facilities;AD_Account__c
a4qHv000000033wIAA,a4q350000004G7q,IL,283,012t0000000L4dCAAS,WH_Hotline_Facilities;AD_Account__c
a4qHv00000002zqIAA,Alexandria LA National Cemetery,LA,825,012t0000000L4dCAAS,WH_Hotline_Facilities;AD_Account__c
a4qHv00000002zrIAA,Baton Rouge National Cemetery,LA,829,012t0000000L4dCAAS,WH_Hotline_Facilities;AD_Account__c
a4qHv00000002zsIAA,Port Hudson National Cemetery,LA,870,012t0000000L4dCAAS,WH_Hotline_Facilities;AD_Account__c
a4qHv00000002ztIAA,Boston RO,MA,301,012t0000000L4dCAAS,WH_Hotline_Facilities;AD_Account__c
a4qHv00000002zuIAA,Edith Nourse Rogers Memorial Veterans' Hospital,MA,518,012t0000000L4dCAAS,WH_Hotline_Facilities;AD_Account__c
a4qHv00000002zvIAA,Jamaica Plain VA Medical Center,MA,523,012t0000000L4dCAAS,WH_Hotline_Facilities;AD_Account__c
a4qHv00000002zwIAA,Edward P. Boland Department of Veterans Affairs Medical Center,MA,631,012t0000000L4dCAAS,WH_Hotline_Facilities;AD_Account__c
a4qHv00000002zxIAA,a4q350000004G8g,MA,761,012t0000000L4dCAAS,WH_Hotline_Facilities;AD_Account__c
a4qHv00000002zyIAA,Massachusetts National Cemetery,MA,818,012t0000000L4dCAAS,WH_Hotline_Facilities;AD_Account__c
a4qHv00000002zzIAA,Baltimore RO,MD,313,012t0000000L4dCAAS,WH_Hotline_Facilities;AD_Account__c
a4qHv0000000300IAA,a4q350000004G8j,MD,392,012t0000000L4dCAAS,WH_Hotline_Facilities;AD_Account__c
a4qHv0000000301IAA,Baltimore VA Medical Center,MD,512,012t0000000L4dCAAS,WH_Hotline_Facilities;AD_Account__c
a4qHv0000000302IAA,a4q350000004G8l,MD,792,012t0000000L4dCAAS,WH_Hotline_Facilities;AD_Account__c
a4qHv0000000303IAA,Annapolis National Cemetery,MD,801,012t0000000L4dCAAS,WH_Hotline_Facilities;AD_Account__c
a4qHv0000000304IAA,Baltimore National Cemetery,MD,802,012t0000000L4dCAAS,WH_Hotline_Facilities;AD_Account__c
a4qHv0000000305IAA,Loudon Park National Cemetery,MD,816,012t0000000L4dCAAS,WH_Hotline_Facilities;AD_Account__c
a4qHv0000000306IAA,Togus RO,ME,402,012t0000000L4dCAAS,WH_Hotline_Facilities;AD_Account__c
a4qHv0000000307IAA,Togus National Cemetery,ME,822,012t0000000L4dCAAS,WH_Hotline_Facilities;AD_Account__c
a4qHv0000000308IAA,Detroit RO,MI,329,012t0000000L4dCAAS,WH_Hotline_Facilities;AD_Account__c
a4qHv0000000309IAA,a4q350000004G8s,MI,394,012t0000000L4dCAAS,WH_Hotline_Facilities;AD_Account__c
a4qHv000000030AIAQ,Ann Arbor VA Medical Center,MI,506,012t0000000L4dCAAS,WH_Hotline_Facilities;AD_Account__c
a4qHv000000030BIAQ,Battle Creek VA Medical Center,MI,515,012t0000000L4dCAAS,WH_Hotline_Facilities;AD_Account__c
a4qHv000000030CIAQ,Fort Custer National Cemetery,MI,909,012t0000000L4dCAAS,WH_Hotline_Facilities;AD_Account__c
a4qHv000000030DIAQ,Great Lakes National Cemetery,MI,923,012t0000000L4dCAAS,WH_Hotline_Facilities;AD_Account__c
a4qHv000000030EIAQ,St. Paul RO,MN,335,012t0000000L4dCAAS,WH_Hotline_Facilities;AD_Account__c
a4qHv000000030FIAQ,a4q350000004G91,MN,389,012t0000000L4dCAAS,WH_Hotline_Facilities;AD_Account__c
a4qHv000000030GIAQ,Minneapolis VA Medical Center,MN,618,012t0000000L4dCAAS,WH_Hotline_Facilities;AD_Account__c
a4qHv000000030HIAQ,St. Cloud VA Medical Center,MN,656,012t0000000L4dCAAS,WH_Hotline_Facilities;AD_Account__c
a4qHv000000030IIAQ,Fort Snelling National Cemetery,MN,894,012t0000000L4dCAAS,WH_Hotline_Facilities;AD_Account__c
a4qHv000000030JIAQ,St. Louis RO,MO,331,012t0000000L4dCAAS,WH_Hotline_Facilities;AD_Account__c
a4qHv000000030KIAQ,a4q350000004G96,MO,376,012t0000000L4dCAAS,WH_Hotline_Facilities;AD_Account__c
a4qHv000000030LIAQ,a4q350000004G97,MO,543,012t0000000L4dCAAS,WH_Hotline_Facilities;AD_Account__c
a4qHv000000030MIAQ,Kansas City VA Medical Center,MO,589,012t0000000L4dCAAS,WH_Hotline_Facilities;AD_Account__c
a4qHv000000030NIAQ,a4q350000004G99,MO,647,012t0000000L4dCAAS,WH_Hotline_Facilities;AD_Account__c
a4qHv000000030OIAQ,John Cochran Veterans Hospital,MO,657,012t0000000L4dCAAS,WH_Hotline_Facilities;AD_Account__c
a4qHv000000030PIAQ,a4q350000004G9B,MO,785,012t0000000L4dCAAS,WH_Hotline_Facilities;AD_Account__c
a4qHv000000030QIAQ,Jefferson Barracks National Cemetery,MO,852,012t0000000L4dCAAS,WH_Hotline_Facilities;AD_Account__c
a4qHv000000030RIAQ,Jefferson City National Cemetery,MO,853,012t0000000L4dCAAS,WH_Hotline_Facilities;AD_Account__c
a4qHv000000030SIAQ,Springfield National Cemetery,MO,879,012t0000000L4dCAAS,WH_Hotline_Facilities;AD_Account__c
a4qHv000000030TIAQ,Jackson RO,MS,323,012t0000000L4dCAAS,WH_Hotline_Facilities;AD_Account__c
a4qHv000000030UIAQ,a4q350000004G9G,MS,393,012t0000000L4dCAAS,WH_Hotline_Facilities;AD_Account__c
a4qHv000000030VIAQ,Biloxi VA Medical Center,MS,520,012t0000000L4dCAAS,WH_Hotline_Facilities;AD_Account__c
a4qHv000000030WIAQ,G.V. (Sonny) Montgomery Department of Veterans Affairs Medical Center,MS,586,012t0000000L4dCAAS,WH_Hotline_Facilities;AD_Account__c
a4qHv000000030XIAQ,John D. Dingell Department of Veterans Affairs Medical Center,MI,553,012t0000000L4dCAAS,WH_Hotline_Facilities;AD_Account__c
a4qHv000000030YIAQ,Oscar G. Johnson Department of Veterans Affairs Medical Facility,MI,585,012t0000000L4dCAAS,WH_Hotline_Facilities;AD_Account__c
a4qHv000000030ZIAQ,Aleda E. Lutz Department of Veterans Affairs Medical Center,MI,655,012t0000000L4dCAAS,WH_Hotline_Facilities;AD_Account__c
a4qHv000000030aIAA,Biloxi National Cemetery,MS,832,012t0000000L4dCAAS,WH_Hotline_Facilities;AD_Account__c
a4qHv000000030bIAA,Corinth National Cemetery,MS,838,012t0000000L4dCAAS,WH_Hotline_Facilities;AD_Account__c
a4qHv000000030cIAA,Natchez National Cemetery,MS,866,012t0000000L4dCAAS,WH_Hotline_Facilities;AD_Account__c
a4qHv000000030dIAA,Ft. Harrison RO,MT,436,012t0000000L4dCAAS,WH_Hotline_Facilities;AD_Account__c
a4qHv000000030eIAA,Winston-Salem RO,NC,318,012t0000000L4dCAAS,WH_Hotline_Facilities;AD_Account__c
a4qHv000000030fIAA,Durham VA Medical Center,NC,558,012t0000000L4dCAAS,WH_Hotline_Facilities;AD_Account__c
a4qHv000000030gIAA,Fayetteville VA Medical Center,NC,565,012t0000000L4dCAAS,WH_Hotline_Facilities;AD_Account__c
a4qHv000000030hIAA,Charles George Department of Veterans Affairs Medical Center,NC,637,012t0000000L4dCAAS,WH_Hotline_Facilities;AD_Account__c
a4qHv000000030iIAA,W.G. (Bill) Hefner Salisbury Department of Veterans Affairs Medical Center,NC,659,012t0000000L4dCAAS,WH_Hotline_Facilities;AD_Account__c
a4qHv000000030jIAA,New Bern National Cemetery,NC,868,012t0000000L4dCAAS,WH_Hotline_Facilities;AD_Account__c
a4qHv000000030kIAA,Raleigh National Cemetery,NC,873,012t0000000L4dCAAS,WH_Hotline_Facilities;AD_Account__c
a4qHv000000030lIAA,Salisbury National Cemetery,NC,876,012t0000000L4dCAAS,WH_Hotline_Facilities;AD_Account__c
a4qHv000000030mIAA,Wilmington National Cemetery,NC,881,012t0000000L4dCAAS,WH_Hotline_Facilities;AD_Account__c
a4qHv000000030nIAA,Fargo RO,ND,437,012t0000000L4dCAAS,WH_Hotline_Facilities;AD_Account__c
a4qHv000000030oIAA,Lincoln RO,NE,334,012t0000000L4dCAAS,WH_Hotline_Facilities;AD_Account__c
a4qHv000000030pIAA,a4q350000004G9Y,NE,597,012t0000000L4dCAAS,WH_Hotline_Facilities;AD_Account__c
a4qHv000000030qIAA,Omaha VA Medical Center,NE,636,012t0000000L4dCAAS,WH_Hotline_Facilities;AD_Account__c
a4qHv000000030rIAA,Fort McPherson National Cemetery,NE,890,012t0000000L4dCAAS,WH_Hotline_Facilities;AD_Account__c
a4qHv000000030sIAA,Manchester RO,NH,373,012t0000000L4dCAAS,WH_Hotline_Facilities;AD_Account__c
a4qHv000000030tIAA,Manchester VA Medical Center,NH,608,012t0000000L4dCAAS,WH_Hotline_Facilities;AD_Account__c
a4qHv000000030uIAA,Newark RO,NJ,309,012t0000000L4dCAAS,WH_Hotline_Facilities;AD_Account__c
a4qHv000000030vIAA,East Orange VA Medical Center,NJ,561,012t0000000L4dCAAS,WH_Hotline_Facilities;AD_Account__c
a4qHv000000030wIAA,a4q350000004G9f,NJ,794,012t0000000L4dCAAS,WH_Hotline_Facilities;AD_Account__c
a4qHv000000030xIAA,Beverly National Cemetery,NJ,804,012t0000000L4dCAAS,WH_Hotline_Facilities;AD_Account__c
a4qHv000000030yIAA,Finn's Point National Cemetery,NJ,811,012t0000000L4dCAAS,WH_Hotline_Facilities;AD_Account__c
a4qHv000000030zIAA,Albuquerque RO,NM,340,012t0000000L4dCAAS,WH_Hotline_Facilities;AD_Account__c
a4qHv0000000310IAA,Raymond G. Murphy Department of Veterans Affairs Medical Center,NM,501,012t0000000L4dCAAS,WH_Hotline_Facilities;AD_Account__c
a4qHv0000000311IAA,Fort Bayard National Cemetery,NM,885,012t0000000L4dCAAS,WH_Hotline_Facilities;AD_Account__c
a4qHv0000000312IAA,Santa Fe National Cemetery,NM,904,012t0000000L4dCAAS,WH_Hotline_Facilities;AD_Account__c
a4qHv0000000313IAA,Reno RO,NV,354,012t0000000L4dCAAS,WH_Hotline_Facilities;AD_Account__c
a4qHv0000000314IAA,Las Vegas VA Medical Center,NV,593,012t0000000L4dCAAS,WH_Hotline_Facilities;AD_Account__c
a4qHv0000000315IAA,Ioannis A. Lougaris Veterans' Administration Medical Center,NV,654,012t0000000L4dCAAS,WH_Hotline_Facilities;AD_Account__c
a4qHv0000000316IAA,New York RO,NY,306,012t0000000L4dCAAS,WH_Hotline_Facilities;AD_Account__c
a4qHv0000000317IAA,Buffalo RO,NY,307,012t0000000L4dCAAS,WH_Hotline_Facilities;AD_Account__c
a4qHv0000000318IAA,a4q350000004G9r,NY,500,012t0000000L4dCAAS,WH_Hotline_Facilities;AD_Account__c
a4qHv0000000319IAA,a4q350000004G9s,NY,514,012t0000000L4dCAAS,WH_Hotline_Facilities;AD_Account__c
a4qHv000000031AIAQ,James J. Peters Department of Veterans Affairs Medical Center,NY,526,012t0000000L4dCAAS,WH_Hotline_Facilities;AD_Account__c
a4qHv000000031BIAQ,a4q350000004G9u,NY,527,012t0000000L4dCAAS,WH_Hotline_Facilities;AD_Account__c
a4qHv000000031CIAQ,Buffalo VA Medical Center,NY,528,012t0000000L4dCAAS,WH_Hotline_Facilities;AD_Account__c
a4qHv000000031DIAQ,a4q350000004G9w,NY,532,012t0000000L4dCAAS,WH_Hotline_Facilities;AD_Account__c
a4qHv000000031EIAQ,Franklin Delano Roosevelt Hospital,NY,620,012t0000000L4dCAAS,WH_Hotline_Facilities;AD_Account__c
a4qHv000000031FIAQ,Northport VA Medical Center,NY,632,012t0000000L4dCAAS,WH_Hotline_Facilities;AD_Account__c
a4qHv000000031GIAQ,a4q350000004G9z,NY,670,012t0000000L4dCAAS,WH_Hotline_Facilities;AD_Account__c
a4qHv000000031HIAQ,Bath National Cemetery,NY,803,012t0000000L4dCAAS,WH_Hotline_Facilities;AD_Account__c
a4qHv000000031IIAQ,Calverton National Cemetery,NY,805,012t0000000L4dCAAS,WH_Hotline_Facilities;AD_Account__c
a4qHv000000031JIAQ,Cypress Hills National Cemetery,NY,808,012t0000000L4dCAAS,WH_Hotline_Facilities;AD_Account__c
a4qHv000000031KIAQ,Long Island National Cemetery,NY,815,012t0000000L4dCAAS,WH_Hotline_Facilities;AD_Account__c
a4qHv000000031LIAQ,Woodlawn National Cemetery,NY,824,012t0000000L4dCAAS,WH_Hotline_Facilities;AD_Account__c
a4qHv000000031MIAQ,Gerald B.H. Solomon Saratoga National Cemetery,NY,917,012t0000000L4dCAAS,WH_Hotline_Facilities;AD_Account__c
a4qHv000000031NIAQ,Cleveland RO,OH,325,012t0000000L4dCAAS,WH_Hotline_Facilities;AD_Account__c
a4qHv000000031OIAQ,Chillicothe VA Medical Center,OH,538,012t0000000L4dCAAS,WH_Hotline_Facilities;AD_Account__c
a4qHv000000031PIAQ,Cincinnati VA Medical Center,OH,539,012t0000000L4dCAAS,WH_Hotline_Facilities;AD_Account__c
a4qHv000000031QIAQ,Louis Stokes Cleveland Department of Veterans Affairs Medical Center,OH,541,012t0000000L4dCAAS,WH_Hotline_Facilities;AD_Account__c
a4qHv000000031RIAQ,Dayton VA Medical Center,OH,552,012t0000000L4dCAAS,WH_Hotline_Facilities;AD_Account__c
a4qHv000000031SIAQ,Chalmers P. Wylie Veterans Outpatient Clinic,OH,757,012t0000000L4dCAAS,WH_Hotline_Facilities;AD_Account__c
a4qHv000000031TIAQ,Dayton National Cemetery,OH,810,012t0000000L4dCAAS,WH_Hotline_Facilities;AD_Account__c
a4qHv000000031UIAQ,Ohio Western Reserve National Cemetery,OH,918,012t0000000L4dCAAS,WH_Hotline_Facilities;AD_Account__c
a4qHv000000031VIAQ,Muskogee RO,OK,351,012t0000000L4dCAAS,WH_Hotline_Facilities;AD_Account__c
a4qHv000000031WIAQ,Jack C. Montgomery Department of Veterans Affairs Medical Center,OK,623,012t0000000L4dCAAS,WH_Hotline_Facilities;AD_Account__c
a4qHv000000031XIAQ,Ralph H. Johnson Department of Veterans Affairs Medical Center,SC,534,012t0000000L4dCAAS,WH_Hotline_Facilities;AD_Account__c
a4qHv000000031YIAQ,Wm. Jennings Bryan Dorn Department of Veterans Affairs Medical Center,SC,544,012t0000000L4dCAAS,WH_Hotline_Facilities;AD_Account__c
a4qHv000000031ZIAQ,Beaufort National Cemetery,SC,831,012t0000000L4dCAAS,WH_Hotline_Facilities;AD_Account__c
a4qHv000000031aIAA,Florence National Cemetery,SC,843,012t0000000L4dCAAS,WH_Hotline_Facilities;AD_Account__c
a4qHv000000031bIAA,Fort Jackson National Cemetery,SC,930,012t0000000L4dCAAS,WH_Hotline_Facilities;AD_Account__c
a4qHv000000031cIAA,Sioux Falls RO,SD,438,012t0000000L4dCAAS,WH_Hotline_Facilities;AD_Account__c
a4qHv000000031dIAA,Fort Meade VA Medical Center,SD,568,012t0000000L4dCAAS,WH_Hotline_Facilities;AD_Account__c
a4qHv000000031eIAA,Black Hills National Cemetery,SD,884,012t0000000L4dCAAS,WH_Hotline_Facilities;AD_Account__c
a4qHv000000031fIAA,Fort Meade National Cemetery,SD,891,012t0000000L4dCAAS,WH_Hotline_Facilities;AD_Account__c
a4qHv000000031gIAA,Hot Springs National Cemetery,SD,896,012t0000000L4dCAAS,WH_Hotline_Facilities;AD_Account__c
a4qHv000000031hIAA,Nashville RO,TN,320,012t0000000L4dCAAS,WH_Hotline_Facilities;AD_Account__c
a4qHv000000031iIAA,Memphis VA Medical Center,TN,614,012t0000000L4dCAAS,WH_Hotline_Facilities;AD_Account__c
a4qHv000000031jIAA,James H. Quillen Department of Veterans Affairs Medical Center,TN,621,012t0000000L4dCAAS,WH_Hotline_Facilities;AD_Account__c
a4qHv000000031kIAA,a4q350000004GB1,TN,622,012t0000000L4dCAAS,WH_Hotline_Facilities;AD_Account__c
a4qHv000000031lIAA,Chattanooga National Cemetery,TN,835,012t0000000L4dCAAS,WH_Hotline_Facilities;AD_Account__c
a4qHv000000031mIAA,Knoxville National Cemetery,TN,855,012t0000000L4dCAAS,WH_Hotline_Facilities;AD_Account__c
a4qHv000000031nIAA,Memphis National Cemetery,TN,860,012t0000000L4dCAAS,WH_Hotline_Facilities;AD_Account__c
a4qHv000000031oIAA,Mountain Home National Cemetery,TN,864,012t0000000L4dCAAS,WH_Hotline_Facilities;AD_Account__c
a4qHv000000031pIAA,Nashville National Cemetery,TN,865,012t0000000L4dCAAS,WH_Hotline_Facilities;AD_Account__c
a4qHv000000031qIAA,a4q350000004GB7,TX,104,012t0000000L4dCAAS,WH_Hotline_Facilities;AD_Account__c
a4qHv000000031rIAA,a4q350000004GB8,TX,200,012t0000000L4dCAAS,WH_Hotline_Facilities;AD_Account__c
a4qHv000000031sIAA,a4q350000004GB9,TX,281,012t0000000L4dCAAS,WH_Hotline_Facilities;AD_Account__c
a4qHv000000031tIAA,Waco RO,TX,349,012t0000000L4dCAAS,WH_Hotline_Facilities;AD_Account__c
a4qHv000000031uIAA,Houston RO,TX,362,012t0000000L4dCAAS,WH_Hotline_Facilities;AD_Account__c
a4qHv000000031vIAA,Anchorage VA Medical Center,AK,463,012t0000000L4dCAAS,WH_Hotline_Facilities;AD_Account__c
a4qHv000000031wIAA,Sitka National Cemetery,AK,905,012t0000000L4dCAAS,WH_Hotline_Facilities;AD_Account__c
a4qHv000000031xIAA,Fort Richardson National Cemetery,AK,910,012t0000000L4dCAAS,WH_Hotline_Facilities;AD_Account__c
a4qHv000000031yIAA,Montgomery RO,AL,322,012t0000000L4dCAAS,WH_Hotline_Facilities;AD_Account__c
a4qHv000000031zIAA,Birmingham VA Medical Center,AL,521,012t0000000L4dCAAS,WH_Hotline_Facilities;AD_Account__c
a4qHv0000000320IAA,Central Alabama VA Medical Center-Montgomery,AL,619,012t0000000L4dCAAS,WH_Hotline_Facilities;AD_Account__c
a4qHv0000000321IAA,Tuscaloosa VA Medical Center,AL,679,012t0000000L4dCAAS,WH_Hotline_Facilities;AD_Account__c
a4qHv0000000322IAA,Mobile National Cemetery,AL,862,012t0000000L4dCAAS,WH_Hotline_Facilities;AD_Account__c
a4qHv0000000323IAA,Fort Mitchell National Cemetery,AL,908,012t0000000L4dCAAS,WH_Hotline_Facilities;AD_Account__c
a4qHv0000000324IAA,Alabama National Cemetery,AL,927,012t0000000L4dCAAS,WH_Hotline_Facilities;AD_Account__c
a4qHv0000000325IAA,Little Rock RO,AR,350,012t0000000L4dCAAS,WH_Hotline_Facilities;AD_Account__c
a4qHv0000000326IAA,Fayetteville VA Medical Center,AR,564,012t0000000L4dCAAS,WH_Hotline_Facilities;AD_Account__c
a4qHv0000000327IAA,John L. McClellan Memorial Veterans' Hospital,AR,598,012t0000000L4dCAAS,WH_Hotline_Facilities;AD_Account__c
a4qHv0000000328IAA,Fayetteville National Cemetery,AR,842,012t0000000L4dCAAS,WH_Hotline_Facilities;AD_Account__c
a4qHv0000000329IAA,Fort Smith National Cemetery,AR,847,012t0000000L4dCAAS,WH_Hotline_Facilities;AD_Account__c
a4qHv000000032AIAQ,Little Rock National Cemetery,AR,858,012t0000000L4dCAAS,WH_Hotline_Facilities;AD_Account__c
