Id,$$DeveloperName$NamespacePrefix$SobjectType
0123d0000004QnTAAU,Finding_SnapShot;DSO_Record_History__c
0123d0000004QnUAAU,MSR_SnapShot;DSO_Record_History__c
0123d0000004QnVAAU,VASI_SnapShot;DSO_Record_History__c
0123d0000004QnWAAU,eMASS_SnapShot;DSO_Record_History__c
0123d0000004SGRAA2,Audit_Monitor_Review;CIRTS_Audit_Monitors_Reviews__c
0123d0000004SGSAA2,Issue_Management_Findings;CIRTS_Findings__c
0123d0000004SGTAA2,Issue_Management;CIRTS_Issue_Management__c
0123d0000004SGUAA2,X508_Compliance_Case;Case
0123d0000004SGVAA2,Authorization_Support;DSO_IA_Service__c
0123d0000004SGWAA2,Intake_Authorization_Support;DSO_Intake_Activity__c
0123d0000004SGXAA2,Intake_TRIAGE;DSO_Intake_Activity__c
0123d0000004SGYAA2,CIRTS_Outcomes;IM_VHA_Corrective_Action_Junction_Object__c
0123d0000004SGZAA2,Issue_Outcome;IM_VHA_Corrective_Action_Junction_Object__c
0123d0000004SGaAAM,Issue_Management_Recommendations;VHA_CAP_Recommendations__c
0123d0000004SGbAAM,Issue_Management_CAP;VHA_CAP__c
0123d0000004SGcAAM,X508_Compliance_Association;X508_Compliance_Association__c
0123d0000004SGdAAM,X508_Compliance_Issue;X508_Compliance_Issues__c
0123d0000004SGeAAM,X508_Compliance_Issue;X508_Compliance__c
0123d0000004UDGAA2,CARMA_Soft_Delete;CARMA_Note__c
012Hv0000004Hs1IAE,GAO_Duplication_Report;GAO_Report__c
012Hv0000004Hs2IAE,GAO_High_Risk_Report;GAO_Report__c
012Hv0000004I18IAE,AssureSign;Loop;Loop__DDP_Integration_Option__c
012t000000006QAAAY,CCI;Case
012t000000006RwAAI,Salesforce_App;SFDC_Project__c
012t000000007KrAAI,Survey_Visits_Read_Only;VBA_CL_Survey_Visit_and_Findings__c
012t000000007LGAAY,End_Product_Credit;VBA_CL_End_Product_Credit__c
012t000000007LHAAY,End_Product_Credit_Read_Only;VBA_CL_End_Product_Credit__c
012t000000007LIAAY,VA_Form_1934_Read_Only;VBA_CL_Form_1934__c
012t000000007LJAAY,Form_1936_Veteran;VBA_CL_Form_1936_Veteran__c
012t000000007LKAAY,Form_1936_Veteran_Read_Only;VBA_CL_Form_1936_Veteran__c
012t000000007LLAAY,Prep_SCO_Information;VBA_CL_Prep_SCO_Information__c
012t000000007LMAAY,Prep_SCO_Information_Read_Only;VBA_CL_Prep_SCO_Information__c
012t000000007LNAAY,VA_Quality_Review_Approval;VBA_CL_Quality_Review__c
012t000000007LOAAY,Semester;VBA_CL_Semester__c
012t000000007LPAAY,Semester_Read_Only;VBA_CL_Semester__c
012t000000007LuAAI,Air_Force;EDU_DOD_Request__c
012t000000007LvAAI,Air_Force_Reserve;EDU_DOD_Request__c
012t000000007LwAAI,Air_National_Guard;EDU_DOD_Request__c
012t000000007LxAAI,Army;EDU_DOD_Request__c
012t000000007LyAAI,Army_National_Guard;EDU_DOD_Request__c
012t000000007LzAAI,Army_Reserve;EDU_DOD_Request__c
012t000000007M0AAI,Coast_Guard;EDU_DOD_Request__c
012t000000007M1AAI,Coast_Guard_Reserve;EDU_DOD_Request__c
012t000000007M2AAI,Marine_Corps;EDU_DOD_Request__c
012t000000007M3AAI,Marine_Corps_Reserve;EDU_DOD_Request__c
012t000000007M4AAI,NOAA;EDU_DOD_Request__c
012t000000007M5AAI,Navy;EDU_DOD_Request__c
012t000000007M6AAI,Navy_Reserve;EDU_DOD_Request__c
012t000000007M7AAI,PHS;EDU_DOD_Request__c
012t000000007SvAAI,Non_visit;AD_Participant__c
012t000000007SwAAI,Outreach_visit;AD_Participant__c
012t000000007SxAAI,Staff_request;AD_Participant__c
012t000000007SyAAI,Antimicrobial_Stewardship;Encounter__c
012t000000007SzAAI,Scheduled;Encounter__c
012t000000007T0AAI,Unscheduled;Encounter__c
012t000000007T1AAI,V01_Outreach;Encounter__c
012t000000007T2AAI,V02_Outreach;Encounter__c
012t000000007T3AAI,V04_Outreach;Encounter__c
012t000000007T4AAI,V05_Outreach;Encounter__c
012t000000007T5AAI,V06_Outreach;Encounter__c
012t000000007T6AAI,V07_Outreach;Encounter__c
012t000000007T7AAI,V08_Outreach;Encounter__c
012t000000007T8AAI,V09_Outreach;Encounter__c
012t000000007T9AAI,V10_Outreach;Encounter__c
012t000000007TAAAY,V12_Outreach;Encounter__c
012t000000007TBAAY,V15_Outreach;Encounter__c
012t000000007TCAAY,V16_Outreach;Encounter__c
012t000000007TDAAY,V17_Outreach;Encounter__c
012t000000007TEAAY,V19_Outreach;Encounter__c
012t000000007TFAAY,V20_Outreach;Encounter__c
012t000000007TGAAY,V21_Outreach;Encounter__c
012t000000007THAAY,V22_Outreach;Encounter__c
012t000000007TIAAY,V23_Outreach;Encounter__c
012t000000007ZXAAY,Condolence_Letters;ARC_Case__c
012t000000007ZYAAY,EDMS;ARC_Case__c
012t000000007ZZAAY,VIEWS_Generic_Congressional_Correspondence;ARC_Case__c
012t000000007aaAAA,School_Correspondence;VBA_CL_Form_1934__c
012t000000007abAAA,School_Flight;VBA_CL_Form_1934__c
012t000000007acAAA,School_Non_Degree;VBA_CL_Form_1934__c
012t000000007adAAA,School_Standard_College_Degree;VBA_CL_Form_1934__c
012t000000007aeAAA,Training_Establishment_Apprentice;VBA_CL_Form_1934__c
012t000000007afAAA,Training_Establishment_Other_OJT;VBA_CL_Form_1934__c
012t000000007cCAAQ,VIEWS_Tier_1_Complaint;Case
012t000000007cDAAQ,VIEWS_Tier_1_Non_Complaints;Case
012t000000007cEAAQ,VIEWS_Tier_1_Call_Center;Contact
012t000000007cFAAQ,WH_VA_Hotline_Knowledge;Knowledge__kav
012t000000007ehAAA,VIEWS_Briefing_Requests;Case
012t000000007ekAAA,VIEWS_Generic_Congressional_Correspondence;Case
012t000000007elAAA,VIEWS_Hearing_Testimony;Case
012t000000007emAAA,VIEWS_Legislative_View;Case
012t000000007enAAA,VIEWS_QFR;Case
012t000000007eoAAA,VIEWS_RFI;Case
012t000000007epAAA,VIEWS_RONA;Case
012t000000007eqAAA,VIEWS_TA;Case
012t000000007ewAAA,VA_DTC_Helpdesk;Knowledge__kav
012t000000009JWAAY,ExecVA_Contacts;ARC_Associated_Contact__c
012t000000009JXAAY,ExecVA;ARC_Case__c
012t000000009JYAAY,EDU_Complaints;Case
012t000000009JZAAY,VIEWS_WH_OCR_Complaint_Cases;Case
012t000000009JaAAI,Unverified_Veteran;Contact
012t00000000AqQAAU,News_Agency;Account
012t00000000AqRAAU,Application;CARMA_Case_Details__c
012t00000000AqSAAU,Referral;CARMA_Case_Details__c
012t00000000AqTAAU,CARMA;CARMA_Contact_Relationship__c
012t00000000AqUAAU,Monitoring_Assessment;CARMA_Task__c
012t00000000AqVAAU,OCC_Tasks;CARMA_Task__c
012t00000000AqWAAU,CARMA_Application;Case
012t00000000AqXAAU,Reporter;Contact
012t00000000AqYAAU,CARMA_Files;ContentVersion
012t00000000AqZAAU,CARMA_Functional_Queue;Functional_Queue__c
012t00000000AqaAAE,Hierarchy_Queue;Functional_Queue__c
012t00000000AqbAAE,RTC_User_Story;OFM_User_Story__c
012t00000000AqcAAE,System_Enhancement_Idea;OFM_User_Story__c
012t00000000AqdAAE,Views_GAO_Recommendation_Update;Views_GAO_Recommendation_Update__c
012t00000000AqeAAE,Investigations_and_Audits;Views_GAO_Recommendation__c
012t00000000AuDAAU,CARMA_Veteran_Change;CARMA_Case_Details__c
012t00000000AuEAAU,Call;CARMA_Case_Details__c
012t00000000AuFAAU,General_Caregiver;CARMA_Case_Details__c
012t00000000AuGAAU,CARMA_Enrollment;CARMA_Enrollment_Eligibility__c
012t00000000AuHAAU,CARMA;CARMA_Note__c
012t00000000AuIAAU,OCC_Change;CARMA_Task__c
012t00000000AuJAAU,Database_Table;Data_Tracking__c
012t00000000AuKAAU,External_Agreement;Data_Tracking__c
012t00000000AuLAAU,External_System;Data_Tracking__c
012t00000000AuMAAU,Internal_Method_of_Transmission;Data_Tracking__c
012t00000000AuNAAU,EC_Case;Ethics_Consultation__c
012t00000000AuOAAU,EC_Non_Case;Ethics_Consultation__c
012t00000000AuPAAU,NCEHC;Ethics_Consultation__c
012t00000000AuQAAU,Initial_note;Health_Note__c
012t00000000AuRAAU,Interim_note;Health_Note__c
012t00000000AuSAAU,Adhoc_Members;PE_Other_Consultants__c
012t00000000AuTAAU,PE_Team_Members;PE_Other_Consultants__c
012t00000000AuUAAU,PIA;PTA_PIA__c
012t00000000AuVAAU,PTA;PTA_PIA__c
012t00000000AuWAAU,Intake_Form;Preventive_Ethics__c
012t00000000AuXAAU,PE_Project;Preventive_Ethics__c
012t00000000AuYAAU,IEWeb_Reminder_Task;Task
012t00000000AuZAAU,Create_Amended_Approval;VBA_CL_Approval__c
012t00000000AuaAAE,VBA_COS_CAL_Chief_of_Staff;VBA_COS_CAL_Event_Tracker__c
012t00000000AubAAE,Communications;VBA_COS_Work_Items__c
012t00000000AucAAE,Executive_Review_Congressionals;VBA_COS_Work_Items__c
012t00000000AudAAE,PIICS;VBA_COS_Work_Items__c
012t00000000AueAAE,CA_Production;VBA_ERP_Employee_Production__c
012t00000000AufAAE,Employee_Standard;VBA_ERP_Performance_Standard__c
012t00000000AugAAE,National_Standard;VBA_ERP_Performance_Standard__c
012t00000000AuhAAE,Regional_Standard;VBA_ERP_Performance_Standard__c
012t00000000AwTAAU,Squares_Cases;Case
012t00000000B48AAE,Child_Log;dca_mass_action;dca_mass_action__Mass_Action_Log__c
012t00000000B49AAE,Parent_Log;dca_mass_action;dca_mass_action__Mass_Action_Log__c
012t00000000B4SAAU,Lighthouse_Account;Account
012t00000000B4TAAU,CARMA_Address;CARMA_Address__c
012t00000000B4UAAU,Appeal;CARMA_Task__c
012t00000000B4VAAU,Lighthouse_Support_Case;Case
012t00000000B4WAAU,Lighthouse_API_Consumer_Contact;Contact
012t00000000BZVAA2,CARMA_Soft_Delete;CARMA_Case_Details__c
012t00000000BZWAA2,Squares_Articles;Knowledge__kav
012t00000000BZaAAM,CARMA_CSC;SDOC__SDTemplate__c
012t00000000BZbAAM,CARMA_OCC;SDOC__SDTemplate__c
012t00000000BZcAAM,Debt_Management_Center;SDOC__SDTemplate__c
012t00000000BZdAAM,IEWeb;SDOC__SDTemplate__c
012t00000000BZeAAM,Strategic_Relationships;SDOC__SDTemplate__c
012t00000000BsmAAE,NVSPSE_Grantee_Account;Account
012t00000000BsnAAE,NVSPSE;CF_Application_Access__c
012t00000000BsoAAE,NVSPSE_Grantee_Contact;Contact
012t00000000BspAAE,MBMS_Files;ContentVersion
012t00000000BsqAAE,Sports_Attendee;NVSPSE_Attendee__c
012t00000000BsrAAE,Training_Attendee;NVSPSE_Attendee__c
012t00000000BssAAE,Other_Qualifying_Activity;NVSPSE_Deliverable_Element__c
012t00000000BstAAE,Provision_of_Adaptive_Sports_or_Equine_Assisted_Therapy;NVSPSE_Deliverable_Element__c
012t00000000BsuAAE,Training_of_Providers;NVSPSE_Deliverable_Element__c
012t00000000BsvAAE,Other;NVSPSE_Expense__c
012t00000000BswAAE,Supplies_Equipment;NVSPSE_Expense__c
012t00000000CFHAA2,Base;ExAM;ExAM__Distribution__c
012t00000000CFIAA2,Event;ExAM;ExAM__Distribution__c
012t00000000CHDAA2,Communication_and_Utilities;OFM_Budget_Request_Line_Item__c
012t00000000CHEAA2,Contracts;OFM_Budget_Request_Line_Item__c
012t00000000CHFAA2,Equipment;OFM_Budget_Request_Line_Item__c
012t00000000CHGAA2,FTE;OFM_Budget_Request_Line_Item__c
012t00000000CHHAA2,Insurance_Claims;OFM_Budget_Request_Line_Item__c
012t00000000CHIAA2,Motor_Pool;OFM_Budget_Request_Line_Item__c
012t00000000CHJAA2,Overtime;OFM_Budget_Request_Line_Item__c
012t00000000CHKAA2,PGM_Ops;OFM_Budget_Request_Line_Item__c
012t00000000CHLAA2,Printing;OFM_Budget_Request_Line_Item__c
012t00000000CHMAA2,Supplies;OFM_Budget_Request_Line_Item__c
012t00000000CHNAA2,Training;OFM_Budget_Request_Line_Item__c
012t00000000CHOAA2,Transportation_of_Things;OFM_Budget_Request_Line_Item__c
012t00000000CHPAA2,Travel;OFM_Budget_Request_Line_Item__c
012t00000000CHQAA2,VBA_COS_OSIC;VBA_COS_Tracker__c
012t00000000CHRAA2,VBA_COS_WI_OSIC;VBA_COS_Work_Items__c
012t00000000CIVAA2,VALERI_Announcements;VALERI_Announcements__c
012t00000000CIWAA2,Open_FA;VALERI_Financial_Analysis__c
012t00000000CIXAA2,Submitted_FA;VALERI_Financial_Analysis__c
012t00000004LAYAA2,CARMA_SOC_Call;CARMA_Case_Details__c
012t00000004LAZAA2,FMS_Payment_Inbound;CARMA_Payment_Setting__c
012t00000004LAaAAM,FMS_Payment_Outbound;CARMA_Payment_Setting__c
012t00000004LAbAAM,HRsuite_StaffingRequest;Staffing_Request__c
012t00000004LAcAAM,FFP;VBA_CM_Contracts__c
012t00000004LAdAAM,VBA_CM_Non_Travel;VBA_CM_Invoices__c
012t00000004LAeAAM,VBA_CM_Travel;VBA_CM_Invoices__c
012t00000004LAfAAM,FFP;VBA_CM_PO_Obligation__c
012t00000004LAgAAM,OIT;VBA_CM_PO_Obligation__c
012t00000004LAhAAM,VBA_EQMS_A_Comment;VBA_EQMS_A_Comments__c
012t00000004LAiAAM,VBA_EQMS_A_Review_Comments;VBA_EQMS_A_Review_Comments__c
012t00000004LAjAAM,Reviews_Record_Type;VBA_EQMS_A_Reviews__c
012t00000004LAkAAM,Views_Investigations_and_Audits;VIEWS_Related_Cases__c
012t00000004LIeAAM,Soft_Delete;CARMA_Task__c
012t00000008U0gAAE,Government;Account
012t00000008U0lAAE,Commercial;Account
012t00000008U0qAAE,Academic;Account
012t00000008U0vAAE,Nonprofit;Account
012t00000008UE4AAM,Feature;agf;agf__ADM_Coverage__c
012t00000008UE5AAM,PLSQL_Package;agf;agf__ADM_Coverage__c
012t00000008UE6AAM,Package;agf;agf__ADM_Coverage__c
012t00000008UE7AAM,Early_Assessment_Record;agf;agf__ADM_Feature_Freeze_Status__c
012t00000008UE8AAM,FF_Sign_Off_Record;agf;agf__ADM_Feature_Freeze_Status__c
012t00000008UE9AAM,RF_Sign_Off_Record;agf;agf__ADM_Feature_Freeze_Status__c
012t00000008UEAAA2,GUS;agf;agf__ADM_Release_Signoff__c
012t00000008UEBAA2,R0;agf;agf__ADM_Release_Signoff__c
012t00000008UECAA2,R1;agf;agf__ADM_Release_Signoff__c
012t00000008UEDAA2,R2;agf;agf__ADM_Release_Signoff__c
012t00000008UEEAA2,Release_Freeze;agf;agf__ADM_Release_Signoff__c
012t00000008UEFAA2,Sandbox;agf;agf__ADM_Release_Signoff__c
012t00000008UEGAA2,External;agf;agf__ADM_Scrum_Team_Member__c
012t00000008UEHAA2,Internal;agf;agf__ADM_Scrum_Team_Member__c
012t00000008UEIAA2,Planned;agf;agf__ADM_Scrum_Team_Member__c
012t00000008UEJAA2,Program;agf;agf__ADM_Scrum_Team__c
012t00000008UEKAA2,Scrum_Team;agf;agf__ADM_Scrum_Team__c
012t00000008UELAA2,CompanyHoliday;agf;agf__ADM_Time_Off_Log__c
012t00000008UEMAA2,OutofOffice;agf;agf__ADM_Time_Off_Log__c
012t00000008UENAA2,PTOn;agf;agf__ADM_Time_Off_Log__c
012t00000008UEOAA2,Bug;agf;agf__ADM_Work__c
012t00000008UEPAA2,Investigation;agf;agf__ADM_Work__c
012t00000008UEQAA2,Template;agf;agf__ADM_Work__c
012t00000008UERAA2,ToDo;agf;agf__ADM_Work__c
012t00000008UESAA2,User_Story;agf;agf__ADM_Work__c
012t00000008UETAA2,Environment_Request;agf;agf__Environments_Order__c
012t00000008UEUAA2,Issue_Message;agf;agf__RCA__c
012t00000008UEVAA2,RCA_Only;agf;agf__RCA__c
012t00000008UEWAA2,RCA_RCM_Request;agf;agf__RCA__c
012t00000008UEXAA2,New_Pods;agf;agf__Release_Signoff_Infrastructure__c
012t00000008UEYAA2,Splits_Migrations;agf;agf__Release_Signoff_Infrastructure__c
012t00000008UExAAM,USH_Invites;Case
012t00000008UFvAAM,Cancelled_Request;VACI_HA_Request__c
012t00000008UFwAAM,Completed_Request;VACI_HA_Request__c
012t00000008UFxAAM,Open_Request;VACI_HA_Request__c
012t00000008UHSAA2,IRC;VBA_CCTracking_Agent_Production_Data__c
012t00000008UHTAA2,NCC;VBA_CCTracking_Agent_Production_Data__c
012t00000008UHUAA2,IRC;VBA_CC_Tracking_Excluded_Request__c
012t00000008UHVAA2,NCC;VBA_CC_Tracking_Excluded_Request__c
012t00000008UHWAA2,Status_is_Equal_to_Pending_IRC;VBA_CC_Tracking_Excluded_Request__c
012t00000008UHXAA2,Status_is_Equal_to_Pending_NCC;VBA_CC_Tracking_Excluded_Request__c
012t00000008UHYAA2,Status_is_Not_Equal_to_Pending;VBA_CC_Tracking_Excluded_Request__c
012t00000008UHZAA2,Is_Equal_to_Pending;VBA_CC_Tracking_Leave_Manager__c
012t00000008UHaAAM,NotEqualtoPending;VBA_CC_Tracking_Leave_Manager__c
012t00000008VeUAAU,ATO_Record;Authority_to_Operate_ATO__c
012t00000008ZXWAA2,OGC_Legacy_Standard_Time_Entry;OGC_Time_Entry__c
012t00000008ZXXAA2,ORH_Standard;ORH_Project_Measure__c
012t00000008ZXYAA2,ORH_Workforce;ORH_Project_Measure__c
012t00000008ZXZAA2,WH_VA_Hotline_Task;Task
012t00000008ZXaAAM,OGC_LG_Property;Views_Associated_Contacts__c
012t00000008ZXbAAM,OGC_Revenue_Payer_for_Payments;Views_Associated_Contacts__c
012t00000008bIcAAI,System_Redesign_Account;Account
012t00000008bIdAAI,CCM;CARMA_Account_Contact__c
012t00000008bIeAAI,CCM;CARMA_Contact_Relationship__c
012t00000008bIfAAI,CCM;CARMA_Enrollment_Eligibility__c
012t00000008bIgAAI,Pending_Approval_Application;ORH_Project_FY__c
012t00000008bIhAAI,In_Progress;Project__c
012t00000008bIiAAI,Post_Creation;Project__c
012t00000008bIjAAI,Pre_Creation;Project__c
012t00000008bIkAAI,Process_Owner_Sustainment;Project__c
012t00000008bIlAAI,Project_Closed;Project__c
012t00000008bImAAI,Project_Team_Sustainment;Project__c
012t00000008bInAAI,X9Box_A3_System_Redesign;SDOC__SDTemplate__c
012t00000008bIoAAI,Box_1_Closed_Record_Type;X9Box_Box__c
012t00000008bIpAAI,Box_1_Record_Type;X9Box_Box__c
012t00000008bIqAAI,Box_2_Closed_Record_Type;X9Box_Box__c
012t00000008bIrAAI,Box_2_Record_Type;X9Box_Box__c
012t00000008bIsAAI,Box_3_Closed_Record_Type;X9Box_Box__c
012t00000008bItAAI,Box_3_Record_Type;X9Box_Box__c
012t00000008bIuAAI,Box_4_Closed_Record_Type;X9Box_Box__c
012t00000008bIvAAI,Box_4_Record_Type;X9Box_Box__c
012t00000008bIwAAI,Box_5_Closed_Record_Type;X9Box_Box__c
012t00000008bIxAAI,Box_5_Record_Type;X9Box_Box__c
012t00000008bIyAAI,Box_6_Record_Type;X9Box_Box__c
012t00000008bIzAAI,Box_7_Record_Type;X9Box_Box__c
012t00000008bJ0AAI,Box_8_Closed_Record_Type;X9Box_Box__c
012t00000008bJ1AAI,Box_8_Record_Type;X9Box_Box__c
012t00000008bJ2AAI,Box_9_Closed_Record_Type;X9Box_Box__c
012t00000008bJ3AAI,Box_9_Record_Type;X9Box_Box__c
012t00000008bJ4AAI,Monthly;X9Box_Confirmed_State_Data__c
012t00000008bJ5AAI,POS;X9Box_Confirmed_State_Data__c
012t00000008bJ6AAI,PTS;X9Box_Confirmed_State_Data__c
012t00000008bJ7AAI,Quarterly;X9Box_Confirmed_State_Data__c
012t00000008bJ8AAI,Box_2_Table_Data_Record_Type;X9Box_Table_Data__c
012t00000008bJ9AAI,Box_3_Table_Data_Record_Type;X9Box_Table_Data__c
012t00000008bJAAAY,Box_4_Table_Data_Record_Type;X9Box_Table_Data__c
012t00000008bJBAAY,Box_5_Table_Data_Record_Type;X9Box_Table_Data__c
012t00000008bJCAAY,Box_6_Table_Data_Record_Type;X9Box_Table_Data__c
012t00000008bJDAAY,Box_7_Table_Data_Record_Type;X9Box_Table_Data__c
012t00000008bJEAAY,Box_8_Table_Data_Record_Type;X9Box_Table_Data__c
012t0000000ChZ3AAK,Pending;VBA_CC_Tracking_IRIS_Tracker__c
012t0000000ChZ4AAK,Submitted;VBA_CC_Tracking_IRIS_Tracker__c
012t0000000Cj5UAAS,VA_Systems_Score;ExAM__IssueRequest_Life_Cycle__c
012t0000000Cj71AAC,OCE;Strategic_Partnership__c
012t0000000Cj8nAAC,CA;VBA_ERP_Performance__c
012t0000000Cj8oAAC,DRO;VBA_ERP_Performance__c
012t0000000Cj8pAAC,RVSR;VBA_ERP_Performance__c
012t0000000Cj8qAAC,VSR;VBA_ERP_Performance__c
012t0000000CjJqAAK,VA_Organization;Account
012t0000000CjKFAA0,VA_Employees;Contact
012t0000000CjKKAA0,Standard_Contact;Contact
012t0000000CjKZAA0,Views;Account
012t0000000CjKaAAK,Congressional_Letter;Case
012t0000000CjKtAAK,GOV_Trip_Tracking;VBA_SSD_GSA_Trip_Tracking__c
012t0000000CjKuAAK,POV_Trip_Tracking;VBA_SSD_GSA_Trip_Tracking__c
012t0000000CjKzAAK,Scheduled_Facility;VBA_CL_Scheduled_Facility__c
012t0000000CjLDAA0,VBA_CL_Form_22_1934;VBA_CL_Form_1934__c
012t0000000CjLSAA0,Survey_Visits;VBA_CL_Survey_Visit_and_Findings__c
012t0000000CjLcAAK,SAA_Compliance_Quality_Review;VBA_CL_Quality_Review__c
012t0000000CjLdAAK,VA_Approval_Quality_Review;VBA_CL_Quality_Review__c
012t0000000CjLeAAK,VA_Compliance_Quality_Review;VBA_CL_Quality_Review__c
012t0000000CnpRAAS,VALERI_Default_Case;Case
012t0000000CnpSAAS,VALERI_Process;Case
012t0000000CnpTAAS,VHA_SSPMGT_Suspense;Case
012t0000000CnpUAAS,VA_Organization;Contact
012t0000000CnpVAAS,DMC_Debt_Management;DMC_Debt_Management__c
012t0000000CnpWAAS,Active_Step;Process_Step__c
012t0000000CnpXAAS,Inactive_Step;Process_Step__c
012t0000000CnpYAAS,VALERI_Task;Task
012t0000000CnpZAAS,Supporting_Documents;VALERI_Document__c
012t0000000CnpaAAC,VALERI_Net_Value_Factor;VALERI_Global_Settings__c
012t0000000CnpbAAC,VALERI_Adjustments;VALERI_Guaranty_Claim_Line_Item__c
012t0000000CnpcAAC,VALERI_Advances;VALERI_Guaranty_Claim_Line_Item__c
012t0000000CnpdAAC,VALERI_Amortization;VALERI_Guaranty_Claim_Line_Item__c
012t0000000CnpeAAC,VALERI_Credits;VALERI_Guaranty_Claim_Line_Item__c
012t0000000CnpfAAC,VALERI_Expenses;VALERI_Guaranty_Claim_Line_Item__c
012t0000000CnpgAAC,VALERI_Insurance_Losses;VALERI_Guaranty_Claim_Line_Item__c
012t0000000CnphAAC,VALERI_Insurance_Policies;VALERI_Guaranty_Claim_Line_Item__c
012t0000000CnpiAAC,VALERI_Interest_On_Advances;VALERI_Guaranty_Claim_Line_Item__c
012t0000000CnpjAAC,VALERI_Interest_Rate_Changes;VALERI_Guaranty_Claim_Line_Item__c
012t0000000CnpkAAC,VALERI_Interest_Rate_Changes_ARM_Rate_Changes;VALERI_Guaranty_Claim_Line_Item__c
012t0000000CnplAAC,VALERI_Interest_Rate_Changes_Effective_Rate_Schedule;VALERI_Guaranty_Claim_Line_Item__c
012t0000000CnpmAAC,VALERI_Interest_Rate_Changes_SCRA_Rate_Changes;VALERI_Guaranty_Claim_Line_Item__c
012t0000000CnpnAAC,VALERI_Interest_Rate_Changes_Servicer_Reported_ARM_Rate_Changes;VALERI_Guaranty_Claim_Line_Item__c
012t0000000CnpoAAC,VALERI_Interest_Rate_Changes_Step_Rate_Changes;VALERI_Guaranty_Claim_Line_Item__c
012t0000000CnppAAC,VALERI_Taxes_Owed;VALERI_Guaranty_Claim_Line_Item__c
012t0000000CnpqAAC,VALERI_Appeal_Claim;VALERI_Guaranty_Claim__c
012t0000000CnprAAC,VALERI_Basic_Claim;VALERI_Guaranty_Claim__c
012t0000000CnpsAAC,VALERI_ITOC_Claim;VALERI_Guaranty_Claim__c
012t0000000CnptAAC,VALERI_PostAudit_Claim;VALERI_Guaranty_Claim__c
012t0000000CnpuAAC,VALERI_Supplemental_Claim;VALERI_Guaranty_Claim__c
012t0000000CnpvAAC,VALERI_VAPurchase_Claim;VALERI_Guaranty_Claim__c
012t0000000CnpwAAC,BOC;VALERI_Loan_Financial_History__c
012t0000000CnpxAAC,VALERI_Payments;VALERI_Loan_Financial_History__c
012t0000000CnpyAAC,Baseline;VALERI_VA_Borrower_Loans__c
012t0000000CnpzAAC,Current;VALERI_VA_Borrower_Loans__c
012t0000000Cnq0AAC,Acquisition;VALERI_VA_Data_Record__c
012t0000000Cnq1AAC,Collectible;VALERI_VA_Data_Record__c
012t0000000Cnq2AAC,Default;VALERI_VA_Data_Record__c
012t0000000Cnq3AAC,Incentive;VALERI_VA_Data_Record__c
012t0000000Cnq4AAC,LoanModification;VALERI_VA_Data_Record__c
012t0000000Cnq5AAC,PartialSecurityRelease;VALERI_VA_Data_Record__c
012t0000000Cnq6AAC,RepaymentPlanAttempt;VALERI_VA_Data_Record__c
012t0000000Cnq7AAC,ReturnedPartialPayment;VALERI_VA_Data_Record__c
012t0000000Cnq8AAC,SpecialForbearanceAttempt;VALERI_VA_Data_Record__c
012t0000000Cnq9AAC,VA_Active_Loans;VALERI_VA_LOAN__c
012t0000000CnqAAAS,Generic_Question;VALERI_VA_Process_Step_Question__c
012t0000000CnqBAAS,Reason_For_Default;VALERI_VA_Process_Step_Question__c
012t0000000CnqCAAS,YesNo_Variation_1;VALERI_VA_Process_Step_Question__c
012t0000000CnqDAAS,VHA_SSPMGT_Suspense;VIEWS_Case_Email__c
012t0000000CnqEAAS,VHA_SSPMGT_Suspense;Views_Case_Attachment__c
012t0000000CnqFAAS,VHA_SSPMGT_Suspense;Views_Case_Tasks__c
012t0000000CnvyAAC,ORH;CF_Application_Access__c
012t0000000CnvzAAC,VALERI;CF_Application_Access__c
012t0000000Cnw0AAC,VAAA_Registration;Case
012t0000000Cnw1AAC,VAAA_Travel;Case
012t0000000Cnw2AAC,VAAA_Credit_Cards;Credit_Card__c
012t0000000Cnw3AAC,Defense_Manpower_Data_Center;EDU_DOD_Request__c
012t0000000Cnw4AAC,ORH_Functional_Queue_Member;Functional_Queue_Member__c
012t0000000Cnw5AAC,ORH_FUNCTIONAL_QUEUE;Functional_Queue__c
012t0000000Cnw6AAC,VAAA_Knowledge;Knowledge__kav
012t0000000Cnw7AAC,VALERI_FAQ;Knowledge__kav
012t0000000Cnw8AAC,VALERI_Knowledge;Knowledge__kav
012t0000000Cnw9AAC,New_Application;ORH_Project_FY__c
012t0000000CnwAAAS,Processed_Application;ORH_Project_FY__c
012t0000000CnwBAAS,VAAA_Travel_Requests;Travel__c
012t0000000CnwCAAS,VALERI_Servicer_Departments;VALERI_Account_Departments__c
012t0000000CnwDAAS,VALERI_Active_Alert;VALERI_Alert__c
012t0000000CnwEAAS,VALERI_Inactive_Alert;VALERI_Alert__c
012t0000000CnwFAAS,VALERI_Cash_Receipt;VALERI_Loan_Financial_History__c
012t0000000CnwGAAS,VALERI_Offset;VALERI_Loan_Financial_History__c
012t0000000CnwHAAS,Revision_Amended_Approval;VBA_CL_Approval__c
012t0000000CnwIAAS,Revision_New_Approval;VBA_CL_Approval__c
012t0000000CnwJAAS,VAAA;VIEWS_Case_Note__c
012t0000000CnxLAAS,VALERI_Groups;CF_Permission_Mapping__c
012t0000000CnxMAAS,VALERI_Permission_Sets;CF_Permission_Mapping__c
012t0000000CnxNAAS,VALERI_Appeal_Post_Audit_Claim;VALERI_Guaranty_Claim__c
012t0000000CnzRAAS,Permission_Set_Assignment;setuprep;setuprep__Assignment__c
012t0000000CnzSAAS,User_Package_License;setuprep;setuprep__Assignment__c
012t0000000CnzTAAS,Installed_Package;setuprep;setuprep__Setup_Record__c
012t0000000CnzUAAS,Permission_Set;setuprep;setuprep__Setup_Record__c
012t0000000Co1sAAC,Issue_Brief;Issue_Brief__c
012t0000000Co1tAAC,CAVC_Docket_Assignment;OGC_Code__c
012t0000000Co1uAAC,Discrimination_Type;OGC_Code__c
012t0000000Co1vAAC,OGC_Torts_Administrative_Payment;OGC_Collections__c
012t0000000Co1wAAC,OGC_Torts_Litigation_Payment;OGC_Collections__c
012t0000000Co1yAAC,OGC_Collections;OGC_Payment__c
012t0000000Co1zAAC,OGC_Collections_Subrogation;OGC_Payment__c
012t0000000Co20AAC,ORH_Standard;ORH_Program_Measure__c
012t0000000Co21AAC,ORH_Telehealth;ORH_Program_Measure__c
012t0000000Co22AAC,ORH_Workforce;ORH_Program_Measure__c
012t0000000Co23AAC,Approved;ORH_Program__c
012t0000000Co24AAC,P2P;ORH_Program__c
012t0000000Co25AAC,BCR_Process;ORH_Project_Budget_Expense__c
012t0000000Co26AAC,RFA_Process;ORH_Project_Budget_Expense__c
012t0000000Co27AAC,BCR_Process;ORH_Project_Budget_Personnel__c
012t0000000Co28AAC,RFA_Process;ORH_Project_Budget_Personnel__c
012t0000000Co29AAC,OGC_Administrative;Task
012t0000000Co2AAAS,OGC_Claim_Appeal_CBCA;Views_Appeals__c
012t0000000Co2BAAS,OGC_Claim_Appeal_COFC;Views_Appeals__c
012t0000000Co2CAAS,OGC_Loan_Guaranty;Views_Appeals__c
012t0000000Co2DAAS,OGC_Miscellaneous_Queries;Views_Appeals__c
012t0000000Co2EAAS,OGC_Protest_COFC;Views_Appeals__c
012t0000000Co2FAAS,OGC_Protest_GAO;Views_Appeals__c
012t0000000Co2GAAS,OGC_TLG_Med_Mal;Views_Appeals__c
012t0000000Co2HAAS,Collection_Stakeholders_Subrogation;Views_Associated_Contacts__c
012t0000000Co2IAAS,OGC_Court;Views_Associated_Contacts__c
012t0000000GsnFAAS,VASI_Default;VASI_System__c
012t0000000GtzAAAS,WH_VA_Hotline_Email_to_Case;Case
012t0000000Gu0mAAC,VAIQ_Contacts;ARC_Associated_Contact__c
012t0000000Gu4UAAS,Lighthouse_Leads;Lead
012t0000000Gu4VAAS,Standard_Leads;Lead
012t0000000Gu4WAAS,VAAA;Lead
012t0000000Gu4XAAS,Standard;Opportunity
012t0000000Gu4YAAS,VAAA;Opportunity
012t0000000Gu4ZAAS,Standard_Price_Book;Pricebook2
012t0000000Gu4aAAC,VAAA;Pricebook2
012t0000000Gu4bAAC,Standard_Product;Product2
012t0000000Gu4cAAC,VAAA;Product2
012t0000000Gu4dAAC,Standard_Quote;Quote
012t0000000Gu4eAAC,VAAA;Quote
012t0000000Gu4fAAC,VAAA;SFDC_Project__c
012t0000000GuHYAA0,Amended_Approval;VBA_CL_Approval__c
012t0000000GuHZAA0,Amended_Approval_Read_Only;VBA_CL_Approval__c
012t0000000GuHaAAK,New_Approval;VBA_CL_Approval__c
012t0000000GuHbAAK,New_Approval_Locked;VBA_CL_Approval__c
012t0000000GuHcAAK,Active_Facility;VBA_CL_Facilities__c
012t0000000GuHdAAK,Accredited_Schools;ELR_Checklists_New__c
012t0000000GuHeAAK,Apprenticeship_Programs;ELR_Checklists_New__c
012t0000000GuHfAAK,Flight_Training_Schools;ELR_Checklists_New__c
012t0000000GuHgAAK,Non_Accredited_Schools;ELR_Checklists_New__c
012t0000000GuHhAAK,OJT_Programs;ELR_Checklists_New__c
012t0000000GuHiAAK,End_Product_Credit;End_Product_Credit_Approvals__c
012t0000000GuHjAAK,End_Product_Credit_Read_Only;End_Product_Credit_Approvals__c
012t0000000GuHkAAK,Term_Read_Only;VBA_CL_Semester__c
012t0000000GuHlAAK,Terms;VBA_CL_Semester__c
012t0000000GuhgAAC,FOM_Acronyms;FOM_Acronyms__c
012t0000000GuhhAAC,FOM_Organization_and_Authority_Association;FOM_Authority_Junction__c
012t0000000GuhiAAC,FOM_Authority;FOM_Authority__c
012t0000000GuhjAAC,FOM_Account_And_BRM_Association;FOM_Business_Function_Junction__c
012t0000000GuhkAAC,FOM_Authority_And_BRM_Association;FOM_Business_Function_Junction__c
012t0000000GuhlAAC,FOM_Cost_Centers;FOM_Cost_Center__c
012t0000000GuhmAAC,FOM_Administration_Staff_Office_FOM_Data_Collection;FOM_Data_Collection__c
012t0000000GuhnAAC,FOM_Organization_FOM_Data_Collection;FOM_Data_Collection__c
012t0000000GuhoAAC,FOM_FDR_Acronym;FOM_FDR_Acronyms__c
012t0000000GuhpAAC,FOM_FDR_Organization_and_Authority_Association;FOM_FDR_Authority_Junction__c
012t0000000GuhqAAC,FOM_FDR_Account_And_BRM_Association;FOM_FDR_Business_Function_Junction__c
012t0000000GuhrAAC,FOM_FDR_Authority_And_BRM_Association;FOM_FDR_Business_Function_Junction__c
012t0000000GuhsAAC,FOM_FDR_Cost_Center;FOM_FDR_Cost_Center__c
012t0000000GuieAAC,VIEWS_Functional_Queue_Member;Functional_Queue_Member__c
012t0000000GuifAAC,VIEWS_Functional_Queue;Functional_Queue__c
012t0000000Gv6WAAS,Congressional_Correspondence;VIEWS_Related_Cases__c
012t0000000Gv6gAAC,Congressional_Correspondence;Views_Case_Tasks__c
012t0000000Gv6lAAC,Congressional_Correspondence;Associated_VA_Facilities__c
012t0000000Gv6qAAC,Congressional_Correspondence;VIEWS_Case_Email__c
012t0000000Gv6vAAC,Congressional_Correspondence;Views_Case_Attachment__c
012t0000000Gv70AAC,Congressional_Correspondence;VIEWS_SA_Cover_Sheet__c
012t0000000Gv7AAAS,Congressional_Correspondence;VIEWS_Case_Note__c
012t0000000GvHyAAK,Audit_Support;APRD_Inquiry__c
012t0000000GvHzAAK,IPERA_Support;APRD_Inquiry__c
012t0000000GvI0AAK,Other_Support;APRD_Inquiry__c
012t0000000GvI1AAK,Hotline_Restricted_Case;Case
012t0000000GvI2AAK,EBP;Encounter__c
012t0000000GvI3AAK,Intake_Form;Lead
012t0000000GvI4AAK,WH_Hotline;VIEWS_Case_Note__c
012t0000000GvNIAA0,External_Accounts;Account
012t0000000GvNJAA0,Squares;CF_Application_Access__c
012t0000000GvNKAA0,External_Contacts;Contact
012t0000000GvNLAA0,Views_Squares_Bulk_Search;MVI_Search__c
012t0000000GvNMAA0,Views_Squares_Single_Search;MVI_Search__c
012t0000000GvNNAA0,SQUARES_HMIS;Episode__c
012t0000000GvNOAA0,SQUARES_HOMES;Episode__c
012t0000000GvNhAAK,Attach;Loop;Loop__DDP_Integration_Option__c
012t0000000GvNiAAK,ContentDelivery;Loop;Loop__DDP_Integration_Option__c
012t0000000GvNjAAK,DocuSign;Loop;Loop__DDP_Integration_Option__c
012t0000000GvNkAAK,Document_Queue;Loop;Loop__DDP_Integration_Option__c
012t0000000GvNlAAK,Download;Loop;Loop__DDP_Integration_Option__c
012t0000000GvNmAAK,EchoSign;Loop;Loop__DDP_Integration_Option__c
012t0000000GvNnAAK,Email;Loop;Loop__DDP_Integration_Option__c
012t0000000GvNoAAK,HTTP_Service;Loop;Loop__DDP_Integration_Option__c
012t0000000GvNpAAK,LOOP;Loop;Loop__DDP_Integration_Option__c
012t0000000GvNqAAK,Lob;Loop;Loop__DDP_Integration_Option__c
012t0000000GvNrAAK,NWC_External_Start;Loop;Loop__DDP_Integration_Option__c
012t0000000GvNsAAK,SMTPService;Loop;Loop__DDP_Integration_Option__c
012t0000000GvNtAAK,Sertifi;Loop;Loop__DDP_Integration_Option__c
012t0000000GvNuAAK,SignNow;Loop;Loop__DDP_Integration_Option__c
012t0000000GvNvAAK,e_SignLive;Loop;Loop__DDP_Integration_Option__c
012t0000000GvNwAAK,API;Loop;Loop__DDP__c
012t0000000GvNxAAK,Account;Loop;Loop__DDP__c
012t0000000GvNyAAK,Case;Loop;Loop__DDP__c
012t0000000GvNzAAK,Contact;Loop;Loop__DDP__c
012t0000000GvO0AAK,Contract;Loop;Loop__DDP__c
012t0000000GvO1AAK,Custom_Object;Loop;Loop__DDP__c
012t0000000GvO2AAK,Form;Loop;Loop__DDP__c
012t0000000GvO3AAK,Lead;Loop;Loop__DDP__c
012t0000000GvO4AAK,Nintex_Form;Loop;Loop__DDP__c
012t0000000GvO5AAK,Opportunity;Loop;Loop__DDP__c
012t0000000GvO6AAK,Quote;Loop;Loop__DDP__c
012t0000000GvO7AAK,Report;Loop;Loop__DDP__c
012t0000000GvO8AAK,Checkbox;Loop;Loop__SecureField__c
012t0000000GvO9AAK,List;Loop;Loop__SecureField__c
012t0000000GvOAAA0,Other;Loop;Loop__SecureField__c
012t0000000GvOBAA0,Radio;Loop;Loop__SecureField__c
012t0000000GvOCAA0,Text;Loop;Loop__SecureField__c
012t0000000GvODAA0,Text_Area;Loop;Loop__SecureField__c
012t0000000GvQOAA0,Views_Investigations_and_Audits;Case
012t0000000GvQPAA0,Views_GAO_Investigations_and_Audits;Case_Task_Summary__c
012t0000000GvQQAA0,CAVC_Codes;OGC_Code__c
012t0000000GvQRAA0,Contracts;OGC_Code__c
012t0000000GvQSAA0,Product_Line;OGC_Code__c
012t0000000GvQTAA0,Tasks;OGC_Code__c
012t0000000GvQUAA0,OGC_Collections;OGC_Collections__c
012t0000000GvQaAAK,Collections;OGC_Payment__c
012t0000000GvQbAAK,OGC_Benefits;Task
012t0000000GvQcAAK,OGC_CAVC;Task
012t0000000GvQdAAK,OGC_CAVC_RBA;Task
012t0000000GvQeAAK,OGC_Collections;Task
012t0000000GvQfAAK,OGC_Contracts;Task
012t0000000GvQgAAK,OGC_Employment;Task
012t0000000GvQhAAK,OGC_Ethics;Task
012t0000000GvQiAAK,OGC_Health;Task
012t0000000GvQjAAK,OGC_Loan_Guaranty;Task
012t0000000GvQkAAK,OGC_TLG;Task
012t0000000GvQlAAK,Congressional_Correspondence;VIEWS_Associated_Committees__c
012t0000000GvQmAAK,GCMatters;VIEWS_Case_Email__c
012t0000000GvQnAAK,Views_GAO_Investigations_and_Audits;VIEWS_Case_Email__c
012t0000000GvQoAAK,Views_GAO_Investigations_and_Audits;VIEWS_Case_Note__c
012t0000000GvQpAAK,OGC_CAVC_Appeal;Views_Appeals__c
012t0000000GvQqAAK,OGC_CAVC_EAJA;Views_Appeals__c
012t0000000GvQrAAK,OGC_CAVC_Writ;Views_Appeals__c
012t0000000GvQsAAK,OGC_Collections;Views_Appeals__c
012t0000000GvQtAAK,OGC_Contracts;Views_Appeals__c
012t0000000GvQuAAK,OGC_Employment;Views_Appeals__c
012t0000000GvQvAAK,OGC_TLG;Views_Appeals__c
012t0000000GvQwAAK,OGC_Benefits;Views_Associated_Contacts__c
012t0000000GvQxAAK,OGC_CAVC;Views_Associated_Contacts__c
012t0000000GvQyAAK,OGC_Collections;Views_Associated_Contacts__c
012t0000000GvQzAAK,OGC_Employment_Stakeholders;Views_Associated_Contacts__c
012t0000000GvR0AAK,OGC_Ethics;Views_Associated_Contacts__c
012t0000000GvR1AAK,OGC_Health_Stakeholders;Views_Associated_Contacts__c
012t0000000GvR2AAK,OGC_Loan_Guaranty;Views_Associated_Contacts__c
012t0000000GvR3AAK,OGC_Standard;Views_Associated_Contacts__c
012t0000000GvR4AAK,Views_GAO_Investigations_and_Audits;Views_Associated_Contacts__c
012t0000000GvR5AAK,Healthcare_Case_Attachment;Views_Case_Attachment__c
012t0000000GvR6AAK,Views_GAO_Investigations_and_Audits;Views_Case_Tasks__c
012t0000000GvR7AAK,Views_GAO_Investigations_and_Audits;Views_Case_Team__c
012t0000000GvR8AAK,Views_GAO_Investigations_and_Audits;Views_GAO_Meeting_Attendee__c
012t0000000GvR9AAK,Views_GAO_Investigations_and_Audits;Views_GAO_Meeting__c
012t0000000GvShAAK,Due_Diligence;Due_Diligence__c
012t0000000GvSiAAK,New_Code_Test;OFM_Validation__c
012t0000000GvSjAAK,Regression_Test;OFM_Validation__c
012t0000000GvSkAAK,Hotline_Restricted_Cases;Restricted_Case__c
012t0000000GvSlAAK,Views_GAO_Investigations_and_Audits;Views_Case_Attachment__c
012t0000000GzSwAAK,WHVA_Hotline;ContentVersion
012t0000000GzSxAAK,NVCA;Functional_Queue_Member__c
012t0000000GzSyAAK,NVCA;Functional_Queue__c
012t0000000GzSzAAK,NVCA_National;NVCA_Competition__c
012t0000000GzT0AAK,NVCA_Art;NVCA_Entry__c
012t0000000GzT1AAK,NVCA_Creative_Writing;NVCA_Entry__c
012t0000000GzT2AAK,NVCA_Dance;NVCA_Entry__c
012t0000000GzT3AAK,NVCA_Drama;NVCA_Entry__c
012t0000000GzT4AAK,NVCA_Music;NVCA_Entry__c
012t0000000GzT5AAK,Accounting_ALAC;OFM_Finance_Case__c
012t0000000GzT6AAK,BRIT;OFM_Finance_Case__c
012t0000000GzT7AAK,CAATS_Inquiry_Request;OFM_Finance_Case__c
012t0000000GzT8AAK,Operations;OFM_Finance_Case__c
012t0000000GzT9AAK,VBAFC_SQA_Inquiry_internal_use_only;OFM_Finance_Case__c
012t0000000GzTAAA0,VWSS_AdvancePayment;VWSS_Time_Record__c
012t0000000GzTBAA0,VWSS_Final_TR;VWSS_Time_Record__c
012t0000000GzTCAA0,VWSS_ManualPayment;VWSS_Time_Record__c
012t0000000GzTLAA0,Medical_Device_Recall;Case
012t0000000GzTMAA0,Medical_Device_Recall_Record;Medical_Device_Recall__c
012t0000000GzTNAA0,OSS_Code;OGC_Code__c
012t0000000GzTOAA0,OSS_Assessment;OSS_Assessment__c
012t0000000GzTPAA0,OSS_Score;OSS_Score__c
012t0000000GzTQAA0,OSS_Scorecard;OSS_Scorecard__c
012t0000000GzTRAA0,OSS_Key_Activity;Question_List__c
012t0000000GzTSAA0,OSS_Contracts;VBA_CM_Contracts__c
012t0000000GzZFAA0,Prosthetics_Error;ACMN_Error_Log__c
012t0000000GzZGAA0,POVIDTS_External_User_Request;DTC_External_User_Request__c
012t0000000GzZHAA0,Prosthetics_Change_Request;VA_Order_Change_Request__c
012t0000000GzZIAA0,Prosthetics_Invoice;VA_Order_Documents__c
012t0000000GzZJAA0,Prosthetics_Misc_Docs;VA_Order_Documents__c
012t0000000GzZKAA0,Prosthetics_Line_Item;VA_Order_Line_Item__c
012t0000000GzZLAA0,Prosthetics_Shipment;VA_Order_Shipment__c
012t0000000GzZMAA0,Prosthetics_Shipped_Items;VA_Order_Shipped_Line_Item__c
012t0000000GzZNAA0,Prosthetics_Order;VA_Order__c
012t0000000GzZOAA0,Master;VHA_Integrity_Training__c
012t0000000GzZPAA0,Prosthetics_Agent_Training;VHA_Integrity_Training__c
012t0000000GzZQAA0,Prosthetics_Chief_Training;VHA_Integrity_Training__c
012t0000000GzZRAA0,Prosthetics_Vendor_Training;VHA_Integrity_Training__c
012t0000000H06iAAC,DMC_Committee_Locations;DMC_Cutoff_Date_Warning__c
012t0000000H06jAAC,Indicators;DMC_Cutoff_Date_Warning__c
012t0000000H077AAC,DOD_Facility;Account
012t0000000H078AAC,CARMA;CARMA_Account_Contact__c
012t0000000H079AAC,CCM_Case;Case
012t0000000H07AAAS,Approved_Application;FEP_Fiduciary_Application__c
012t0000000H07BAAS,Locked_Application;FEP_Fiduciary_Application__c
012t0000000H07CAAS,Unlocked_Application;FEP_Fiduciary_Application__c
012t0000000H07DAAS,OFM_Functional_Queue_Member;Functional_Queue_Member__c
012t0000000H07EAAS,OFM_Functional_Queue;Functional_Queue__c
012t0000000H07FAAS,CCM_Knowledge;Knowledge__kav
012t0000000H07GAAS,FAST_Approved;Knowledge__kav
012t0000000H07HAAS,FAST_Knowledge;Knowledge__kav
012t0000000H07IAAS,Instructor_Led;MLC_Class__c
012t0000000H07JAAS,Online;MLC_Class__c
012t0000000H07KAAS,Notification;Notification__c
012t0000000H07LAAS,Quick_Links;Notification__c
012t0000000H07MAAS,Imported_Project;Project__c
012t0000000H07NAAS,Sustainment;Project__c
012t0000000H07OAAS,MCEQ;Question_List__c
012t0000000H07RAAS,PM_Perpetuation;DSO_Personnel_Matrix_Perpetuation__c
012t0000000H07SAAS,ATO_Objectives;DSO_System_Matrix_ATO_Objective__c
012t0000000H085AAC,VHA_IA_Read_Only;VHA_Audit_Investigations__c
012t0000000H086AAC,VHA_Site_Visit;VHA_Site_Visit__c
012t0000000H087AAC,VHA_Site_Visit_Read_Only;VHA_Site_Visit__c
012t0000000H088AAC,IA_Workpaper_RT_Read_Only;VHA_Work_Paper__c
012t0000000H08eAAC,Presidential_and_Legislative_Actions;Case
012t0000000H0AVAA0,CSL_SSA_Call;CARMA_Case_Details__c
012t0000000H0AWAA0,CIS;CIS_Application__c
012t0000000H0AXAA0,CIS;CIS_Individual_Development_Plan__c
012t0000000H0AYAA0,CIS;CIS_Internship__c
012t0000000H0AZAA0,CIS;CIS_Participant_Agreement__c
012t0000000H0AaAAK,CIS;CIS_Position__c
012t0000000H0AbAAK,CIS;CIS_Program__c
012t0000000H0AcAAK,CIS;HCSC_Survey_Answers__c
012t0000000H0AdAAK,MLC_Installation;MLC_Installation__c
012t0000000H0AeAAK,MLC_Module;MLC_Module__c
012t0000000H0AfAAK,MLC_Question_Mapping;MLC_Question_Mapping__c
012t0000000H0AgAAK,MLC_Survey_Response;MLC_Survey_Response__c
012t0000000H0AhAAK,CIS_IDP;SDOC__SDTemplate__c
012t0000000H0AiAAK,CIS_Internship;SDOC__SDTemplate__c
012t0000000H0AjAAK,CIS_PA;SDOC__SDTemplate__c
012t0000000H0AkAAK,CIS;Task
012t0000000H0AlAAK,ORD;VBA_COS_Media_Inquiry__c
012t0000000H0AmAAK,CIS;VHA_Integrity_Training__c
012t0000000H0AzAAK,NIST_800_53;DSO_NIST_Catalog__c
012t0000000H0B0AAK,NIST_800_60;DSO_NIST_Catalog__c
012t0000000H0B1AAK,NIST_800_53;DSO_NIST_System_Association__c
012t0000000H0B2AAK,NIST_800_60;DSO_NIST_System_Association__c
012t0000000H0B3AAK,ATO_Objective_Tasks;DSO_System_Matrix_ATO_Objective__c
012t0000000H0B4AAK,DevSecOps_IA_Action_Item;Task
012t0000000H0B5AAK,DevSecOps_RMF_Tasks;Task
012t0000000H0FzAAK,BAD_Requirement;OFM_User_Story__c
012t0000000H0JDAA0,eMPWR;ACMN_Error_Log__c
012t0000000H0JEAA0,System_MSR;DSO_MSR_System__c
012t0000000H0JFAA0,System_VASI;DSO_VASI_System__c
012t0000000H0JGAA0,System_eMASS;DSO_eMASS_System__c
012t0000000H0JHAA0,VERA_Functional_Queue_member;Functional_Queue_Member__c
012t0000000H0JIAA0,VERA_functional_queue;Functional_Queue__c
012t0000000H0JJAA0,ORH_CRH;ORH_Program_FY__c
012t0000000H0JKAA0,ORH_EWI;ORH_Program_FY__c
012t0000000H0JLAA0,ORH_Special_Projects;ORH_Program_FY__c
012t0000000H0JMAA0,ORH_VRHRC;ORH_Program_FY__c
012t0000000H0JNAA0,ORH_CRH;ORH_Program__c
012t0000000H0JOAA0,ORH_Special_Projects;ORH_Program__c
012t0000000H0JPAA0,ORH_VRHRC;ORH_Program__c
012t0000000H0JQAA0,ORH_CRH;ORH_Project_FY__c
012t0000000H0JRAA0,ORH_Special_Projects;ORH_Project_FY__c
012t0000000H0JSAA0,ORH_VRHRC;ORH_Project_FY__c
012t0000000H0JTAA0,ORH_CRH;ORH_Project__c
012t0000000H0JUAA0,ORH_EWI;ORH_Project__c
012t0000000H0JVAA0,ORH_Special_Projects;ORH_Project__c
012t0000000H0JWAA0,ORH_VRHRC;ORH_Project__c
012t0000000H0JXAA0,VERA_Resource;ServiceResource
012t0000000H0JYAA0,VERA_Office;ServiceTerritory
012t0000000H0JZAA0,VERA_Appointment;VERA_Appointment__c
012t0000000H0JaAAK,VRRAP;VRRAP_Applications__c
012t0000000H0JbAAK,VRRAP;VRRAP_Enrollment__c
012t0000000H0JcAAK,VRRAP_MHA;VRRAP_Payment__c
012t0000000H0JdAAK,VRRAP_T_F;VRRAP_Payment__c
012t0000000H0JeAAK,VRRAP;VRRAP_Program__c
012t0000000H0JfAAK,VRRAP;VRRAP_Schools__c
012t0000000H0JgAAK,VERA_WorkType;WorkType
012t0000000H0JhAAK,VA_VERA_Work_Group;WorkTypeGroup
012t0000000H0PkAAK,Stipends4Vets_External_User_Request;DTC_External_User_Request__c
012t0000000H0PlAAK,Employee_Request;OFM_Finance_Case__c
012t0000000H0PmAAK,System_Error;OFM_Finance_Case__c
012t0000000H0PnAAK,S4V_Stipends4Vets_Child;S4V_Dependent__c
012t0000000H0PoAAK,S4V_Stipends4Vets_Spouse;S4V_Dependent__c
012t0000000H0PpAAK,Stipends4Vets;S4V_Sport__c
012t0000000H0PqAAK,Stipends4Vets;S4V_Stipend_Application__c
012t0000000H0PrAAK,Stipends4Vets;S4V_Stipend_Request__c
012t0000000H0PsAAK,DTC_Case_Tasks;Task
012t0000000H0PuAAK,System_VIPR;DSO_VIPR_System__c
012t0000000H0ViAAK,FOM_Reminder_Sent;Task
012t0000000H0VjAAK,Taxonomy;VBA_COS_Tracker__c
012t0000000H0adAAC,Allegation;CIRTS_Allegation__c
012t0000000H0aeAAC,Inquiries;CIRTS_Allegation__c
012t0000000H0afAAC,CIRTS_Referral_Allegation;CIRTS_Referral__c
012t0000000H0agAAC,CIRTS_Referral_Inquiry;CIRTS_Referral__c
012t0000000H0ahAAC,CIRTS_CBIO;Case
012t0000000H0aiAAC,CIRTS_VHACO;Case
012t0000000H0ajAAC,CBI_Recommendations;VHA_CAP_Recommendations__c
012t0000000H0akAAC,CBI_CCAP;VHA_CAP__c
012t0000000H0alAAC,CBI_Finding;VHA_Findings__c
012t0000000H12wAAC,VA_Profile_Master;CARMA_Address__c
012t0000000H12xAAC,CARMA_Soft_Delete;CARMA_Contact_Relationship__c
012t0000000H12yAAC,CBI_Finding;CIRTS_Findings__c
012t0000000H12zAAC,VA_Profile_Master;Contact_Communication_Alternatives__c
012t0000000H13kAAC,MBMS_CaMEO_Statuses;cf_Case_Status_Reason__c
012t0000000H13pAAC,Preregistered;DSO_Intake_Activity__c
012t0000000H16eAAC,Approved_Fiduciary_Fund_Usage_Review;FEP_Fiduciary_Fund_Usage_Review__c
012t0000000H16fAAC,Locked_Fiduciary_Fund_Usage_Review;FEP_Fiduciary_Fund_Usage_Review__c
012t0000000H16gAAC,Unlocked_Fiduciary_Fund_Usage_Review;FEP_Fiduciary_Fund_Usage_Review__c
012t0000000H18LAAS,CSC_Alert;CARMA_Task__c
012t0000000H18MAAS,CIRTS_Category;CIRTS_Category__c
012t0000000H18NAAS,EUO_AOSB;DSO_IA_AOSB_Service__c
012t0000000H18OAAS,Action_Item;DSO_IA_Service__c
012t0000000H18PAAS,Intake_AOSB;DSO_Intake_Activity__c
012t0000000H18QAAS,Intake_ASSMT;DSO_Intake_Activity__c
012t0000000H18RAAS,Intake_SSC;DSO_Intake_Activity__c
012t0000000H18SAAS,Pre_Registration;DSO_System_Matrix__c
012t0000000H18TAAS,MAST_HR_Healthcare_Request;MAST_HR_Request__c
012t0000000H18UAAS,MAST_HR_Leave_Issues_Request;MAST_HR_Request__c
012t0000000H18VAAS,MAST_HR_Life_Insurance_Issues_Request;MAST_HR_Request__c
012t0000000H18WAAS,MAST_HR_My_Job_Applications_Request;MAST_HR_Request__c
012t0000000H18XAAS,MAST_HR_My_Official_Personnel_File_Request;MAST_HR_Request__c
012t0000000H18YAAS,MAST_HR_Pay_Issues_Request;MAST_HR_Request__c
012t0000000H18ZAAS,MAST_SSD_Fleet_Vehicle_Accident_Request;MAST_SSD_Request__c
012t0000000H18aAAC,MAST_SSD_Fleet_Vehicle_Log_Request;MAST_SSD_Request__c
012t0000000H18bAAC,MAST_SSD_Fleet_Vehicle_Reservation_Request;MAST_SSD_Request__c
012t0000000H18cAAC,MAST_SSD_Fleet_Vehicle_Unscheduled_Scheduled_Maintenance_Request;MAST_SSD_Request__c
012t0000000H18dAAC,CIRTS_Request;VA_User_Account_Request__c
012t0000000H18eAAC,NCA;VBA_COS_Media_Inquiry__c
012t0000000H18fAAC,OPO;VBA_COS_Tracker__c
012t0000000H18gAAC,VBA_COS_OPO;VBA_COS_Work_Items__c
012t0000000H18hAAC,CIRTS;VHA_Integrity_Training__c
012t0000000H18uAAC,FAST_Error;ACMN_Error_Log__c
012t0000000H18vAAC,Accountable_Balances;eMPWR_VTH_Collection__c
012t0000000H18wAAC,All_Transactions;eMPWR_VTH_Collection__c
012t0000000H18xAAC,Deductions;eMPWR_VTH_Collection__c
012t0000000H18yAAC,Payments;eMPWR_VTH_Collection__c
012t0000000H18zAAC,Receivables;eMPWR_VTH_Collection__c
012t0000000H1BPAA0,Address_Confirmation;CARMA_Task__c
012t0000000H1BQAA0,DMC_Status_Update;DMC_Cutoff_Date_Warning__c
012t0000000H1BRAA0,X1015_Waiver;VBA_CL_Managed_Programs__c
012t0000000H1BSAA0,X1018_Waiver;VBA_CL_Managed_Programs__c
012t0000000H1BTAA0,DMC;VIEWS_Case_Note__c
012t0000000H1BUAA0,Diffuse;X9Box_Project_Spotlight__c
012t0000000H1BVAA0,Quick_Win;X9Box_Project_Spotlight__c
012t0000000H1BWAA0,Tools_in_Action;X9Box_Project_Spotlight__c
012t0000000H1BZAA0,Lighthouse_Support;Task
012t0000000H1M8AAK,Merge_Accounts;Account_Change_Request__c
012t0000000H1M9AAK,New_Account;Account_Change_Request__c
012t0000000H1MAAA0,Update_Account;Account_Change_Request__c
012t0000000H1MBAA0,Station_Work_Item;OFM_Finance_Case__c
012t0000000H1MCAA0,Veteran_Beneficiary_Work_Item;OFM_Finance_Case__c
012t0000000H1a5AAC,MBMS;CERRT_Associated_Cemetery__c
012t0000000H1a6AAC,MBMS;CERRT_Cemetery_Detail__c
012t0000000H1a7AAC,MBMS;MBMS_Branch_of_Service__c
012t0000000H1a8AAC,MBMS;MBMS_User__c
012t0000000H1a9AAC,MBMS;skuid__Page__c
012t0000000H1aKAAS,PGCSS_Transition_Assessment;CARMA_Case_Details__c
012t0000000H1aLAAS,Caregiver_Review;CARMA_Task__c
012t0000000H1cpAAC,QuITT_Project_Feedback;X9Box_Feedback__c
012t0000000H1cqAAC,Project_Idea;X9Box_Project_Ideas__c
012t0000000H1crAAC,Project_Suggestion;X9Box_Project_Ideas__c
012t0000000H1idAAC,MBMS;CARMA_Contact_Relationship__c
012t0000000H1ieAAC,Exception;CERRT_Timeslot__c
012t0000000H1ifAAC,Recurring_Exception;CERRT_Timeslot__c
012t0000000H1igAAC,Standard;CERRT_Timeslot__c
012t0000000H1qcAAC,CARMA_Call_Center;CARMA_Contact_Relationship__c
012t0000000H1qdAAC,PGCSS;CARMA_Program_Relationship__c
012t0000000H1qeAAC,CARMA_RFI;CARMA_Task__c
012t0000000H1qfAAC,DMC_Scanned_Docs;Scanned_Documents__c
012t0000000H1rfAAC,ORH_Peer_Review;ORH_Comment__c
012t0000000H1rgAAC,ORH_Measure;ORH_Measure_Group__c
012t0000000H1rhAAC,ORH_Measure;ORH_Measure__c
012t0000000H1rpAAC,Flash;OFM_Referral__c
012t0000000H1rqAAC,General_Referral;OFM_Referral__c
012t0000000H1rrAAC,X02X_CADD;OFM_Referral__c
012t0000000H1rsAAC,eBenefits_Unlock;OFM_Referral__c
012t0000000H1vmAAC,AOSB_Initiation;DSO_IA_AOSB_Service__c
012t0000000H1vnAAC,CMG_01_01_04_Deviation_Request;DSO_Matrix_Actions__c
012t0000000H1voAAC,CMG_02_Sig_Maj_Change;DSO_Matrix_Actions__c
012t0000000H1vpAAC,VA_Business_Model;DSO_NIST_Catalog__c
012t0000000H1vqAAC,Authoritative;DSO_Stakeholder_Relationships__c
012t0000000H1vrAAC,Manual;DSO_Stakeholder_Relationships__c
012t0000000H1vsAAC,DevSecOps_AOSB;SDOC__SDTemplate__c
012t0000000H1vtAAC,DevSecOps_RMF_Action_Item;Task
012t0000000H1vuAAC,VBA_COS_OMS;VBA_COS_Tracker__c
012t0000000H1vvAAC,VBA_COS_WI_OMS;VBA_COS_Work_Items__c
012t0000000H1wGAAS,Prosthetics;Request_for_Quote__c
012t0000000H1wHAAS,RFQ_Change_Request;VA_Order_Change_Request__c
012t0000000H1wIAAS,Prosthetics_MultipleOrders;VA_Order__c
012t0000000H1wuAAC,CARMA_Soft_Delete;CARMA_Program_Relationship__c
012t0000000H1wvAAC,HRsuite_Onboard_New_Hire_Type;Staffing_Request__c
012t0000000H1y7AAC,OSS_Acquisition_Packet;Acquisition_Packet__c
012t0000000H1y8AAC,CPARS_Performance_Evaluation;OSS_Assessment__c
012t0000000H1y9AAC,CPARS_Score;OSS_Score__c
012t0000000H1yAAAS,CPARS_Scorecard;OSS_Scorecard__c
012t0000000H1yBAAS,OSS_Purchase_Order;Purchase_Order__c
012t0000000H1yCAAS,CPARS_Key_Activity;Question_List__c
012t0000000H1yDAAS,OSS_Spend_Plan;Spend_Plan__c
012t0000000H203AAC,PCAFC_Primary_Caregiver;CARMA_Program_Relationship__c
012t0000000H204AAC,PCAFC_Secondary_Caregiver;CARMA_Program_Relationship__c
012t0000000H205AAC,Same_Day_Payment;OFM_Finance_Case__c
012t0000000H206AAC,CARMA;Team__c
012t0000000H207AAC,VERA_ZIP_Location;VERA_ZipLocation__c
012t0000000H208AAC,Dummy_Record_Type;eMPWR_Transaction__c
012t0000000H209AAC,Master;eMPWR_Transaction__c
012t0000000L36YAAS,CareNow_SOS_Case;Case
012t0000000L36dAAC,Public_Assessment;ExAM;ExAM__Visitor_Register__c
012t0000000L36eAAC,SMS_Survey;ExAM;ExAM__Visitor_Register__c
012t0000000L36sAAC,Vets_gov;Lead
012t0000000L37gAAC,VHA_Innovation;VHA_Contractor_Onboarding__c
012t0000000L4YMAA0,WH_VA_Call_Center_Veteran;Account
012t0000000L4YNAA0,WH_VA_Call_Center_Veteran;Contact
012t0000000L4cnAAC,Academic_Detailing;AD_Account__c
012t0000000L4dCAAS,WH_Hotline_Facilities;AD_Account__c
012t0000000L7UdAAK,Generic;ACMN_Error_Log__c
012t0000000L7V7AAK,WHAM;CertificationRequirement__c
012t0000000L7V8AAK,WHAM;Certification__c
012t0000000L7V9AAK,MAST_Functional_Queue_Member;Functional_Queue_Member__c
012t0000000L7VAAA0,MAST_Functional_Queue;Functional_Queue__c
012t0000000L7VBAA0,TAA_teleworkAgreement;TAA_questionnaireResponse__c
012t0000000L7VCAA0,VWSS_TimeRecord;VWSS_Time_Record__c
012t0000000L7VHAA0,HCSC_Programs;Case
012t0000000L7VIAA0,HCSC_Systems;Case
012t0000000L7VJAA0,WH_VA_Hotline_Service_Recovery;Case
012t0000000L7VKAA0,WH_VA_Hotline_Technical_Support;Case
012t0000000L7VLAA0,WH_VA_Hotline_Tier_1;Case
012t0000000L7VMAA0,HCSC_Surveys;HCSC_Survey_Answers__c
012t0000000L7VNAA0,HCSC_FAQ;Knowledge__kav
012t0000000L7VOAA0,HCSC_Troubleshooting;Knowledge__kav
012t0000000L7VPAA0,HCSC;LiveAgentSession
012t0000000L7VQAA0,HCSC;LiveChatTranscript
012t0000000L7VRAA0,HCSC_Task_Management;Task
012t0000000L7VSAA0,Generic_Training;VHA_Integrity_Training__c
012t0000000L7VTAA0,HCSC;VHA_Integrity_Training__c
012t0000000L7VUAA0,VHA_Integrity;VHA_Integrity_Training__c
012t0000000L7VVAA0,HCSC_Case_Notes;VIEWS_Case_Note__c
012t0000000L7VWAA0,MBMS_Error;ACMN_Error_Log__c
012t0000000PGg5AAG,Direct;MyVADshbd_Funding_Request__c
012t0000000PGg6AAG,FTE;MyVADshbd_Funding_Request__c
012t0000000PLbgAAG,COS_Task_Tracker_Communications;VBA_COS_Tracker__c
012t0000000PLbhAAG,COS_Task_Tracker_Media_Inquiry;VBA_COS_Tracker__c
012t0000000PLbiAAG,COS_Task_Tracker_PIICS;VBA_COS_Tracker__c
012t0000000PLbjAAG,Executive_Review_Congressionals;VBA_COS_Tracker__c
012t0000000PPPVAA4,DOD_Liaison;Account
012t0000000PPPXAA4,MBMS_Cemetery;Account
012t0000000PPPYAA4,MBMS_Funeral_Home;Account
012t0000000PPPZAA4,MBMS_Case;Case
012t0000000PPPcAAO,MBMS_Funeral_Home_Contact;Contact
012t0000000PPQ4AAO,SaaS;Lead
012t0000000PPRAAA4,Application;DTC_Architecture_Component__c
012t0000000PPRBAA4,Code;DTC_Architecture_Component__c
012t0000000PPRCAA4,Integration;DTC_Architecture_Component__c
012t0000000PPRDAA4,Layout;DTC_Architecture_Component__c
012t0000000PPREAA4,Object;DTC_Architecture_Component__c
012t0000000PPRFAA4,Other;DTC_Architecture_Component__c
012t0000000PPRGAA4,Permissions;DTC_Architecture_Component__c
012t0000000PPRHAA4,Process;DTC_Architecture_Component__c
012t0000000PPRIAA4,Activity_Group;OGC_Code__c
012t0000000PPRJAA4,Case_Team;OGC_Code__c
012t0000000PPRKAA4,Health_Product_Line;OGC_Code__c
012t0000000PPRLAA4,OGC_Tort_Service;OGC_Code__c
012t0000000PPRMAA4,OGC_Torts_Alleged_Injury;OGC_Code__c
012t0000000PPRNAA4,OGC_Torts_Negligence_Codes;OGC_Code__c
012t0000000PPROAA4,Torts_TCIS_Codes;OGC_Code__c
012t0000000PPRPAA4,OGC_STAR_Revenue;OGC_Collections__c
012t0000000PPRQAA4,OGC_Torts;OGC_Collections__c
012t0000000PPRYAA4,OGC_STAR_Payments;OGC_Payment__c
012t0000000PPRZAA4,OGC_Billable;OGC_Time_Entry__c
012t0000000PPRaAAO,OGC_Standard;OGC_Time_Entry__c
012t0000000PPRbAAO,OGC_Case_Note;Task
012t0000000PPRcAAO,OGC_Legacy_Tasks;Task
012t0000000PPRdAAO,OGC_Standard;Task
012t0000000PPReAAO,OGC_TLG_MAO;Task
012t0000000PPRfAAO,OLGInvestigationInterviews;Task
012t0000000PPRgAAO,Standard_Call;Task
012t0000000PPRhAAO,LegacyOGC;Views_Appeals__c
012t0000000PPRiAAO,OGC_Information;Views_Appeals__c
012t0000000PPRjAAO,WH_VA_APPEAL;Views_Appeals__c
012t0000000PPRkAAO,LegacyOGC;Views_Associated_Contacts__c
012t0000000PPRlAAO,OGC_Administrative_Stakeholders;Views_Associated_Contacts__c
012t0000000PPRmAAO,OGC_Contracts_Stakeholders;Views_Associated_Contacts__c
012t0000000PPRnAAO,OGC_Facility;Views_Associated_Contacts__c
012t0000000PPRoAAO,OGC_Information_Stakeholders;Views_Associated_Contacts__c
012t0000000PPRpAAO,OGC_STAR;Views_Associated_Contacts__c
012t0000000PPRqAAO,OGC_Torts_Claimant;Views_Associated_Contacts__c
012t0000000PPRrAAO,OGC_Torts_Expert_Reviewer;Views_Associated_Contacts__c
012t0000000PPRsAAO,OGC_Torts_Medical_Record;Views_Associated_Contacts__c
012t0000000PPRtAAO,OGC_Torts_Medical_Witness;Views_Associated_Contacts__c
012t0000000PPRuAAO,OGC_Torts_Stakeholders;Views_Associated_Contacts__c
012t0000000PPRvAAO,OGC_Standard;Views_Case_Attachment__c
012t0000000PRe3AAG,Model_S;cnx;cnx__Connects_Configuration__c
012t0000000PRe4AAG,Salesforce_Omni_Channel;cnx;cnx__Connects_Configuration__c
012t0000000PRe5AAG,Universal_Queue;cnx;cnx__Connects_Configuration__c
012t0000000PRe6AAG,Universal_Queue_Legacy;cnx;cnx__Connects_Configuration__c
012t0000000PRe7AAG,Voice_Only;cnx;cnx__Connects_Configuration__c
012t0000000PRfGAAW,AD_Outreach_Visit;AD_Outreach_Visit__c
012t0000000PRfHAAW,AD_Outreach_Visit;AD_Participant__c
012t0000000PRfIAAW,AD_Participant;AD_Participant__c
012t0000000PRfJAAW,FEP_Fiduciary;Account
012t0000000PRfKAAW,AD_Campaign;Campaign
012t0000000PRfLAAW,Standard;Campaign
012t0000000PRfMAAW,Debt_Management;Case
012t0000000PRfNAAW,VA_Indy_Human_Resource;Case
012t0000000PRfOAAW,VA_Indy_Payroll;Case
012t0000000PRfPAAW,Fiduciary;Contact
012t0000000PRfQAAW,DMCDebtManagement;DMCCallCode__c
012t0000000PRfRAAW,DMCDebtManagementCenter;DMC_Cutoff_Date_Warning__c
012t0000000PRfSAAW,Debt_Management_Center;DMC_Debt_to_Contact__c
012t0000000PRfTAAW,Debt_Management;Debt_to_Case__c
012t0000000PRfUAAW,Approved_Accounting;FEP_Accounting__c
012t0000000PRfVAAW,Locked_Accounting;FEP_Accounting__c
012t0000000PRfWAAW,Unlocked_Accounting;FEP_Accounting__c
012t0000000PRfXAAW,Default_Assets;FEP_Assets__c
012t0000000PRfYAAW,Other_Assets;FEP_Assets__c
012t0000000PRfZAAW,Savings_Bond_Assets;FEP_Assets__c
012t0000000PRfaAAG,Monthly_Income_Record_Type;FEP_Money_Received__c
012t0000000PRfbAAG,Other_Income_Record_Type;FEP_Money_Received__c
012t0000000PRfcAAG,Standard_Income_Type;FEP_Money_Received__c
012t0000000PRfdAAG,Fid_Fee_Expense_Record_Type;FEP_Money_Spent__c
012t0000000PRfeAAG,Monthly_Expense_Record_Type;FEP_Money_Spent__c
012t0000000PRffAAG,Other_Expense_Record_Type;FEP_Money_Spent__c
012t0000000PRfgAAG,Standard_Expense_Record_Type;FEP_Money_Spent__c
012t0000000PRfhAAG,SQUARES_Search;MVI_Search__c
012t0000000PRfiAAG,Academic_Detailing_Activity;Task
012t0000000PRfjAAG,Debt_Management_Task;Task
012t0000000PRfkAAG,FAST_SDoc;SDOC__SDTemplate__c
012t0000000PSx7AAG,VHA_SSPMGT_Suspense_VISN;Case
012t0000000PSx8AAG,eMPWR_Record_Type;Contact
012t0000000PSx9AAG,VISN_Suspense_Management;Functional_Queue__c
012t0000000PSxAAAW,ORH_BCR;ORH_BCR_Line_Item__c
012t0000000PSxBAAW,ORH_BCR;ORH_Budget_Change_Request__c
012t0000000PSxCAAW,VBA_COS_EFF_OBI;VBA_COS_CRM_Efforts__c
012t0000000PSxDAAW,VBA_COS_CRM_OBI;VBA_COS_Customer__c
012t0000000PSxEAAW,VBA_COS_MI_OIG;VBA_COS_Media_Inquiry__c
012t0000000PSxFAAW,VBA_COS_MI_OSE;VBA_COS_Media_Inquiry__c
012t0000000PSxGAAW,VBA_COS_OTED;VBA_COS_Tracker__c
012t0000000PSxHAAW,VBA_COS_WI_OTED;VBA_COS_Work_Items__c
012t0000000PSxIAAW,Suspense_Case_Notes;VIEWS_Case_Note__c
012t0000000PSxJAAW,A24A;empwr_Business_Transaction__c
012t0000000PSxKAAW,O2X;empwr_Business_Transaction__c
012t0000000PT6OAAW,GRC_Oversight;DSO_GRC_Process__c
012t0000000PT6PAAW,IA_AOSB;DSO_IA_AOSB_Service__c
012t0000000PT6QAAW,IA_Assessment;DSO_IA_Service__c
012t0000000PT6RAAW,IA_Categorization;DSO_IA_Service__c
012t0000000PT6SAAW,IA_Triage;DSO_IA_Service__c
012t0000000PT6TAAW,Intake_Activity;DSO_Intake_Activity__c
012t0000000PT6VAAW,Personnel_Matrix;DSO_Personnel_Matrix__c
012t0000000PT6WAAW,ATO_Status;DSO_System_Matrix_ATO_Status__c
012t0000000PT6XAAW,System_Matrix;DSO_System_Matrix__c
012t0000000PT6bAAG,DevSecOps_IA_Services;Event
012t0000000PT6cAAG,DevSecOps_IA;Task
012t0000000PT9DAAW,VALERI_SDoc;SDOC__SDTemplate__c
012t0000000PT9cAAG,DMC;CARMA_Address__c
012t0000000PT9dAAG,Package_License;CF_Permission_Mapping__c
012t0000000PT9eAAG,Permission_Sets_License;CF_Permission_Mapping__c
012t0000000PT9fAAG,DMC_Contact_Communication_Methods;Contact_Communication_Alternatives__c
012t0000000PT9gAAG,Admin_Offsets_w_ERIG;DMC_Debt_Function__c
012t0000000PT9hAAG,Suspension_w_ERIG;DMC_Debt_Function__c
012t0000000PT9iAAG,WATRS_Functional_Queue_Member;Functional_Queue_Member__c
012t0000000PT9jAAG,X9Box_Functional_Queue_Member;Functional_Queue_Member__c
012t0000000PT9kAAG,WATRS_Functional_Queue_RT;Functional_Queue__c
012t0000000PT9lAAG,X9Box_Functional_Queue;Functional_Queue__c
012t0000000PTALAA4,Facilities_API;Account
012t0000000TR51AAG,SECVA_Invites;Case
012t0000000TRcDAAW,Pilot_Leads;Lead
012t0000000TRfMAAW,VA_Help_Desk_Issues;Case
012t0000000TRfRAAW,New_Application_Request;Application_Request__c
012t0000000TTwUAAW,KW_Account_Committee;kw;Account
012t0000000TTwVAAW,KW_Account_Member;kw;Account
012t0000000TTwWAAW,KW_Account_Officer;kw;Account
012t0000000TTwXAAW,KW_Account_Officer_Former;kw;Account
012t0000000TTwYAAW,KW_Caucus;kw;Account
012t0000000TTwZAAW,KW_Caucus_Former;kw;Account
012t0000000TTwaAAG,KW_Committee_Former;kw;Account
012t0000000TTwbAAG,KW_Former;kw;Account
012t0000000TTwcAAG,KW_Legislative_Member_Former;kw;Account
012t0000000TTwdAAG,Standard;kw;Account
012t0000000TTweAAG,KW_Member_Former;kw;Contact
012t0000000TTwfAAG,KW_Member_Record;kw;Contact
012t0000000TTwgAAG,KW_Officer_Former;kw;Contact
012t0000000TTwhAAG,KW_Officer_Record;kw;Contact
012t0000000TTwiAAG,KW_Staffer_Former;kw;Contact
012t0000000TTwjAAG,KW_Staffer_Record;kw;Contact
012t0000000TTwkAAG,Standard;kw;Contact
012t0000000TTyQAAW,VIEWS_CMR;Case
012t0000000TTyRAAW,VIEWS_CTR;Case
012t0000000TTySAAW,VIEWS_Internal_Package;Case
012t0000000TTyTAAW,VIEWS_Transcripts;Case
012t0000000TTyUAAW,VIEWS_Veteran_and_Congressional_Case_Mail;Case
012t0000000TTyVAAW,VIEWS_White_House_Case_Mail;Case
012t0000000TTyWAAW,Congressional_Correspondence;Views_Associated_Contacts__c
012t0000000TTyXAAW,Congressional_Correspondence;Views_Case_Team__c
012t0000000TTyuAAG,VIC_Request;Case
012t0000000bppPAAQ,MAST_VA_Facilities;Account
012t0000000bppQAAQ,CARMA_VAMC_Address;CARMA_Address__c
012t0000000bppRAAQ,CSC_Notifications;CARMA_Task__c
012t0000000bppSAAQ,MAST_Facility_Maintenance_Request;MAST_SSD_Request__c
012t0000000bppTAAQ,MAST_PIV_Request;MAST_SSD_Request__c
012t0000000bppUAAQ,MAST_Parking_Request;MAST_SSD_Request__c
012t0000000bppVAAQ,MAST_Purchasing_and_Contract_Management_Request;MAST_SSD_Request__c
012t0000000bppWAAQ,MAST_RMO_Services_Request;MAST_SSD_Request__c
012t0000000bppXAAQ,MAST_Reasonable_Accommodations_Request;MAST_SSD_Request__c
012t0000000bppYAAQ,MAST_Safety_Request;MAST_SSD_Request__c
012t0000000bppZAAQ,MAST_Security_Services;MAST_SSD_Request__c
012t0000000bppaAAA,MAST_Support_Service_Request;MAST_SSD_Request__c
012t0000000bppbAAA,MAST_Transit_Benefit_Request;MAST_SSD_Request__c
012t0000000bppcAAA,X00_New_Non_Receipt;OFM_Non_Receipt__c
012t0000000bppdAAA,X01_UCC;OFM_Non_Receipt__c
012t0000000bppeAAA,X02_UCC_to_Reconciled;OFM_Non_Receipt__c
012t0000000bppfAAA,X03_Hardship;OFM_Non_Receipt__c
012t0000000bppgAAA,X04_Returned_Payment_Recent_CADD;OFM_Non_Receipt__c
012t0000000bpphAAA,X05_06_11_12_13_Return_Payment_Suspends_Award;OFM_Non_Receipt__c
012t0000000bppiAAA,X07_Payment_Cashed_and_Claim_Packet_Sent;OFM_Non_Receipt__c
012t0000000bppjAAA,X08_Reconciled_check_over_1_YR;OFM_Non_Receipt__c
012t0000000bppkAAA,X09_LP;OFM_Non_Receipt__c
012t0000000bpplAAA,X10_Payment_was_Returned;OFM_Non_Receipt__c
012t0000000bppmAAA,X14_Names_Match;OFM_Non_Receipt__c
012t0000000bppnAAA,X15A_Names_Mismatch;OFM_Non_Receipt__c
012t0000000bppoAAA,X15B_Names_Mismatch;OFM_Non_Receipt__c
012t0000000bpppAAA,X15C_Names_Mismatch;OFM_Non_Receipt__c
012t0000000bppqAAA,X16_Fraud;OFM_Non_Receipt__c
012t0000000bpprAAA,X17_Proceeds_offset_debt;OFM_Non_Receipt__c
012t0000000bppsAAA,X18;OFM_Non_Receipt__c
012t0000000bpptAAA,API_Transaction;PATSR_Transaction__c
012t0000000bppuAAA,User;PATSR_Transaction__c
012t0000000bppvAAA,VBA_COS_OFO;VBA_COS_Tracker__c
012t0000000bppwAAA,VBA_COS_WI_OFO;VBA_COS_Work_Items__c
012t0000000g1KLAAY,Suspense_Management;Functional_Queue_Member__c
012t0000000g1KMAAY,Suspense_Management;Functional_Queue__c
012t0000000g1KNAAY,POC;OFM_Tracer__c
012t0000000g1KOAAY,RC;OFM_Tracer__c
012t0000000g1KPAAY,Tracer;OFM_Tracer__c
012t0000000g1KQAAY,OFM;VBA_COS_Tracker__c
012t0000000g1KRAAY,VBA_COS_Tasker_OBPI;VBA_COS_Tracker__c
012t0000000g1KSAAY,VBA_COS_Tasker_PDUSB;VBA_COS_Tracker__c
012t0000000g1KTAAY,VBA_COS_Tasker_USB;VBA_COS_Tracker__c
012t0000000g1KUAAY,VBA_COS_WI_OBPI;VBA_COS_Work_Items__c
012t0000000g1KVAAY,VBA_COS_WI_OFM;VBA_COS_Work_Items__c
012t0000000g1KWAAY,VBA_COS_WI_PDUSB;VBA_COS_Work_Items__c
012t0000000g1KXAAY,VBA_COS_WI_USB;VBA_COS_Work_Items__c
012t0000000g1KYAAY,Account_VHA_A_I_Association;VHA_A_I_Account_Association__c
012t0000000g1KZAAY,VHA_A_I_Notes;VHA_A_I_Notes__c
012t0000000g1KaAAI,IA_Record_Type;VHA_A_I_Team__c
012t0000000g1KbAAI,OMI_Record_Type;VHA_A_I_Team__c
012t0000000g1KcAAI,VHA_Audit_and_Investigations;VHA_Audit_Investigations__c
012t0000000g1KdAAI,VHA_Audit_and_Investigations_3;VHA_Audit_Investigations__c
012t0000000g1KeAAI,VHA_CBI;VHA_Audit_Investigations__c
012t0000000g1KfAAI,VHA_IA;VHA_Audit_Investigations__c
012t0000000g1KgAAI,VHA_OMI;VHA_Audit_Investigations__c
012t0000000g1KhAAI,IA_Recommendations_RT;VHA_CAP_Recommendations__c
012t0000000g1KiAAI,OMI_Recommendations_RT;VHA_CAP_Recommendations__c
012t0000000g1KjAAI,IA_CAP_RT;VHA_CAP__c
012t0000000g1KkAAI,OMI_CAP_RT;VHA_CAP__c
012t0000000g1KlAAI,IA_Findings_RT;VHA_Findings__c
012t0000000g1KmAAI,OMI_Findings_RT;VHA_Findings__c
012t0000000g1KnAAI,IA_Site_Visit_Plan_RT;VHA_Site_Visit_Plan__c
012t0000000g1KoAAI,OMI_Site_Visit_Plan_RT;VHA_Site_Visit_Plan__c
012t0000000g1KpAAI,IA_Workpaper_RT;VHA_Work_Paper__c
012t0000000g1KqAAI,OMI_Workpaper_RT;VHA_Work_Paper__c
012t0000000g1KrAAI,VHA_Case_Notes;VIEWS_Case_Note__c
012t0000000g1KsAAI,Box_0_Deleted_Data_Record_Type;X9Box_Box__c
012t0000000g1KtAAI,MBMS_TON;skuid__Page__c
012t0000000g1KuAAI,CARMA;CARMA_Program_Participant__c
012t0000000g1KvAAI,CSC_Task;CARMA_Task__c
012t0000000g1KwAAI,CCM;CCM_Interaction__c
012t0000000g1KxAAI,CCM_General;CCM_Preference__c
012t0000000g1KyAAI,Travel;CCM_Preference__c
012t0000000g1KzAAI,CARMA;Episode__c
012t0000000g1L0AAI,CARMA_Soft_Delete;Episode__c
012t0000000g1LJAAY,NonVAEmployeeAndNonVeteran;Contact
012t0000000g1MlAAI,Original_Grant;OFM_Finance_Grant__c
012t0000000g1MmAAI,Original_Grant_Supplemental;OFM_Finance_Grant__c
012t0000000g1MnAAI,Supplemental;OFM_Finance_Grant__c
012t0000000g1MoAAI,External_Contracts;VBA_CM_Onboarding__c
012t0000000g1MpAAI,Internal_Contracts;VBA_CM_Onboarding__c
012t0000000g1MqAAI,VBA_COS_EDU;VBA_COS_Tracker__c
012t0000000g1MrAAI,VBA_COS_WI_EDU;VBA_COS_Work_Items__c
012t0000000g1NjAAI,Debt_Management_Center;CARMA_Contact_Relationship__c
012t0000000g1NyAAI,FAST;CF_Application_Access__c
012t0000000g1NzAAI,CARMA;Change_Event__c
012t0000000g1O0AAI,OBPI_Leadership;VBA_COS_Tracker__c
012t0000000g1O1AAI,WI_OBPI_Leadership;VBA_COS_Work_Items__c
012t0000000g1O2AAI,VWSS_0_Hour_Extension;VWSS_Student_Contract__c
012t0000000g1O3AAI,VWSS_Extension;VWSS_Student_Contract__c
012t0000000g1O4AAI,VWSS_Original_Contract;VWSS_Student_Contract__c
012t0000000g1ODAAY,Partial_Claim;VALERI_VA_Data_Record__c
012t0000000g1OIAAY,Duplicate_Contact;Contact
012t0000000g1OJAAY,GAO_Email_Recipient;Functional_Queue_Member__c
012t0000000g1OKAAY,GAO_Email_Group;Functional_Queue__c
012t0000000g1QOAAY,CARMA_Reassessment;CARMA_Case_Details__c
012t0000000g1QPAAY,CARMA_Transition_Assessment;CARMA_Case_Details__c
012t0000000g1QQAAY,CARMA_Reassessment;CARMA_Contact_Relationship__c
012t0000000g1QRAAY,CARMA_Transition_Assessment;CARMA_Contact_Relationship__c
012t0000000g1QSAAY,Education;Contact
012t0000000g1QTAAY,DTC;DTC_Point_of_Contact__c
012t0000000g1QUAAY,DTC;DTC_User_Setup_Instructions__c
